,date,break,serial_number
0,2023-01-20,1,2M1H0YOV0YMI4H1W
1,2023-08-13,1,2M1H0YOV0YMI4H1W
2,2023-09-10,1,2M1H0YOV0YMI4H1W
3,2023-10-28,1,2M1H0YOV0YMI4H1W
4,2024-01-23,1,2M1H0YOV0YMI4H1W
5,2024-04-12,1,2M1H0YOV0YMI4H1W
6,2024-07-21,0,2M1H0YOV0YMI4H1W
0,2023-07-27,1,GUTXG4I9JHU47Q24
1,2023-10-17,1,GUTXG4I9JHU47Q24
2,2024-01-15,0,GUTXG4I9JHU47Q24
0,2025-02-03,1,CXRJH7AGE4S2Y34N
1,2025-03-08,1,CXRJH7AGE4S2Y34N
0,2022-12-27,1,243H8FRU4YKFGAVK
1,2023-04-21,0,243H8FRU4YKFGAVK
2,2023-06-28,1,243H8FRU4YKFGAVK
3,2023-07-08,0,243H8FRU4YKFGAVK
4,2023-08-07,1,243H8FRU4YKFGAVK
0,2024-10-25,1,PY05UVKZDAPEOQHP
1,2024-11-15,1,PY05UVKZDAPEOQHP
2,2024-12-11,1,PY05UVKZDAPEOQHP
0,2024-04-06,1,GFIBS97UT1OOEXV3
1,2024-06-11,1,GFIBS97UT1OOEXV3
0,2022-05-06,1,S1BJQNAEG4IWY9UN
1,2022-10-17,1,S1BJQNAEG4IWY9UN
0,2025-03-11,1,VTNQCT8O9B4TSQDU
1,2025-04-10,1,VTNQCT8O9B4TSQDU
2,2025-05-12,1,VTNQCT8O9B4TSQDU
0,2022-02-26,1,VXFAOD9P0MZ7TQM6
0,2023-01-05,1,STM3I3QU4YF3GHVK
1,2023-02-25,1,STM3I3QU4YF3GHVK
2,2023-05-05,1,STM3I3QU4YF3GHVK
3,2023-07-07,1,STM3I3QU4YF3GHVK
4,2023-12-02,1,STM3I3QU4YF3GHVK
5,2023-12-25,1,STM3I3QU4YF3GHVK
6,2024-01-01,1,STM3I3QU4YF3GHVK
7,2024-01-03,1,STM3I3QU4YF3GHVK
8,2024-01-18,1,STM3I3QU4YF3GHVK
9,2024-05-05,1,STM3I3QU4YF3GHVK
10,2024-05-15,1,STM3I3QU4YF3GHVK
11,2024-10-25,1,STM3I3QU4YF3GHVK
0,2023-11-24,0,G1DEYG0S7JE0HK9G
0,2024-08-04,1,PFM37JQ4UY99G50K
1,2024-09-08,1,PFM37JQ4UY99G50K
2,2024-12-19,1,PFM37JQ4UY99G50K
3,2025-05-31,1,PFM37JQ4UY99G50K
4,2025-07-18,1,PFM37JQ4UY99G50K
0,2022-07-02,1,2YCLF6NV0YW84A1W
1,2022-07-04,1,2YCLF6NV0YW84A1W
2,2022-07-21,0,2YCLF6NV0YW84A1W
0,2025-07-18,0,C4V4EUMJOATURQZT
0,2023-02-12,0,GXO8BSLECURD1FUI
1,2023-03-06,1,GXO8BSLECURD1FUI
2,2023-04-15,1,GXO8BSLECURD1FUI
3,2023-05-13,1,GXO8BSLECURD1FUI
4,2023-12-02,1,GXO8BSLECURD1FUI
5,2023-12-15,1,GXO8BSLECURD1FUI
6,2023-12-30,0,GXO8BSLECURD1FUI
7,2024-01-04,1,GXO8BSLECURD1FUI
8,2024-01-16,1,GXO8BSLECURD1FUI
9,2024-03-31,1,GXO8BSLECURD1FUI
10,2024-05-25,1,GXO8BSLECURD1FUI
0,2024-04-29,1,2UW3NKQU4Y3KGBVK
1,2024-05-24,1,2UW3NKQU4Y3KGBVK
2,2024-12-04,1,2UW3NKQU4Y3KGBVK
3,2025-06-22,1,2UW3NKQU4Y3KGBVK
4,2025-07-08,0,2UW3NKQU4Y3KGBVK
0,2022-02-13,0,VMMPTPED2B0C9QAV
1,2022-06-01,0,VMMPTPED2B0C9QAV
2,2022-08-17,1,VMMPTPED2B0C9QAV
3,2023-01-13,1,VMMPTPED2B0C9QAV
0,2023-09-03,1,SMSYZIWEG48LYJUN
1,2023-11-03,1,SMSYZIWEG48LYJUN
2,2024-03-12,1,SMSYZIWEG48LYJUN
3,2024-04-22,1,SMSYZIWEG48LYJUN
4,2024-07-01,1,SMSYZIWEG48LYJUN
5,2024-09-11,1,SMSYZIWEG48LYJUN
0,2023-04-03,1,0U3HQ4Y9JHU47Q24
1,2023-08-03,1,0U3HQ4Y9JHU47Q24
2,2023-08-13,1,0U3HQ4Y9JHU47Q24
3,2023-08-27,1,0U3HQ4Y9JHU47Q24
0,2022-04-04,1,PX64IZN0VY2S45YW
1,2022-04-21,1,PX64IZN0VY2S45YW
2,2022-06-28,1,PX64IZN0VY2S45YW
3,2022-11-27,1,PX64IZN0VY2S45YW
4,2022-12-25,1,PX64IZN0VY2S45YW
5,2023-06-24,1,PX64IZN0VY2S45YW
6,2023-07-19,1,PX64IZN0VY2S45YW
7,2023-08-07,1,PX64IZN0VY2S45YW
8,2023-10-01,1,PX64IZN0VY2S45YW
9,2023-11-27,1,PX64IZN0VY2S45YW
10,2023-12-21,1,PX64IZN0VY2S45YW
11,2024-02-28,1,PX64IZN0VY2S45YW
12,2024-04-03,1,PX64IZN0VY2S45YW
0,2023-02-12,1,S4GYAFQU4YKFGAVK
1,2023-04-14,1,S4GYAFQU4YKFGAVK
2,2023-07-16,1,S4GYAFQU4YKFGAVK
3,2023-08-12,1,S4GYAFQU4YKFGAVK
4,2023-08-26,1,S4GYAFQU4YKFGAVK
5,2024-04-06,1,S4GYAFQU4YKFGAVK
6,2024-04-14,1,S4GYAFQU4YKFGAVK
7,2024-06-03,1,S4GYAFQU4YKFGAVK
8,2024-06-10,0,S4GYAFQU4YKFGAVK
0,2023-08-10,1,CYAAWEP7ROCVAKJC
1,2023-08-17,1,CYAAWEP7ROCVAKJC
2,2023-08-29,0,CYAAWEP7ROCVAKJC
3,2023-09-16,1,CYAAWEP7ROCVAKJC
4,2023-09-30,1,CYAAWEP7ROCVAKJC
5,2023-10-13,1,CYAAWEP7ROCVAKJC
6,2023-10-23,1,CYAAWEP7ROCVAKJC
7,2023-11-14,1,CYAAWEP7ROCVAKJC
8,2023-11-24,1,CYAAWEP7ROCVAKJC
9,2023-12-15,1,CYAAWEP7ROCVAKJC
10,2024-03-14,1,CYAAWEP7ROCVAKJC
11,2024-07-21,1,CYAAWEP7ROCVAKJC
12,2024-09-17,1,CYAAWEP7ROCVAKJC
13,2025-01-11,1,CYAAWEP7ROCVAKJC
14,2025-01-21,0,CYAAWEP7ROCVAKJC
15,2025-02-23,1,CYAAWEP7ROCVAKJC
16,2025-07-06,1,CYAAWEP7ROCVAKJC
17,2025-07-13,1,CYAAWEP7ROCVAKJC
0,2023-10-26,1,0FC1X95UT1OOEXV3
0,2022-03-25,1,2144SWNV0YLN4B1W
1,2022-04-24,1,2144SWNV0YLN4B1W
2,2022-07-20,1,2144SWNV0YLN4B1W
3,2022-08-25,0,2144SWNV0YLN4B1W
4,2022-10-24,1,2144SWNV0YLN4B1W
5,2023-02-06,1,2144SWNV0YLN4B1W
6,2023-04-09,1,2144SWNV0YLN4B1W
7,2023-05-12,1,2144SWNV0YLN4B1W
8,2023-09-11,1,2144SWNV0YLN4B1W
9,2023-09-27,1,2144SWNV0YLN4B1W
10,2023-10-21,1,2144SWNV0YLN4B1W
11,2024-01-08,1,2144SWNV0YLN4B1W
12,2024-01-30,1,2144SWNV0YLN4B1W
13,2024-05-26,0,2144SWNV0YLN4B1W
0,2023-09-09,1,ETYBQT1O9B4TSQDU
0,2023-04-03,1,EXDMWQ6CGT7ZMKT8
1,2023-09-03,1,EXDMWQ6CGT7ZMKT8
0,2023-04-22,1,2TXOHHQU4YF3GHVK
1,2023-04-24,0,2TXOHHQU4YF3GHVK
2,2023-06-12,0,2TXOHHQU4YF3GHVK
3,2023-10-20,1,2TXOHHQU4YF3GHVK
0,2022-08-18,1,01EINKG2ZHVGJQB0
1,2022-09-18,1,01EINKG2ZHVGJQB0
2,2022-10-16,1,01EINKG2ZHVGJQB0
3,2022-12-17,1,01EINKG2ZHVGJQB0
4,2023-02-02,1,01EINKG2ZHVGJQB0
5,2023-04-26,1,01EINKG2ZHVGJQB0
6,2023-05-04,1,01EINKG2ZHVGJQB0
7,2023-08-20,1,01EINKG2ZHVGJQB0
8,2023-09-09,1,01EINKG2ZHVGJQB0
9,2023-09-21,1,01EINKG2ZHVGJQB0
0,2023-09-21,1,CFLO55Q4UY99G50K
1,2023-10-25,1,CFLO55Q4UY99G50K
2,2023-11-26,1,CFLO55Q4UY99G50K
3,2023-12-03,0,CFLO55Q4UY99G50K
4,2023-12-20,1,CFLO55Q4UY99G50K
5,2023-12-26,1,CFLO55Q4UY99G50K
6,2023-12-27,1,CFLO55Q4UY99G50K
7,2024-01-19,0,CFLO55Q4UY99G50K
8,2024-04-19,1,CFLO55Q4UY99G50K
9,2024-07-07,1,CFLO55Q4UY99G50K
0,2023-01-06,1,P46KQQMJOATURQZT
1,2023-02-28,1,P46KQQMJOATURQZT
2,2023-04-25,1,P46KQQMJOATURQZT
0,2023-06-19,0,0XX78FIVP1DRUX1L
0,2024-01-02,0,EMR6OQVRS9GPBKOE
0,2023-12-16,1,VFT9PQXT4MJJCQPF
0,2022-12-12,1,2MVQ1JNV0Y6I4H1W
1,2023-02-14,1,2MVQ1JNV0Y6I4H1W
2,2023-03-22,1,2MVQ1JNV0Y6I4H1W
3,2023-05-17,1,2MVQ1JNV0Y6I4H1W
4,2023-08-12,1,2MVQ1JNV0Y6I4H1W
5,2023-12-30,1,2MVQ1JNV0Y6I4H1W
6,2024-05-16,0,2MVQ1JNV0Y6I4H1W
7,2024-05-18,1,2MVQ1JNV0Y6I4H1W
8,2024-06-01,1,2MVQ1JNV0Y6I4H1W
9,2024-06-19,1,2MVQ1JNV0Y6I4H1W
10,2024-07-06,1,2MVQ1JNV0Y6I4H1W
11,2024-07-10,1,2MVQ1JNV0Y6I4H1W
12,2024-07-25,1,2MVQ1JNV0Y6I4H1W
13,2024-09-06,1,2MVQ1JNV0Y6I4H1W
0,2022-03-04,1,GUCY2QY9JHU47Q24
1,2022-04-14,1,GUCY2QY9JHU47Q24
2,2022-04-22,0,GUCY2QY9JHU47Q24
3,2022-07-17,1,GUCY2QY9JHU47Q24
0,2022-02-24,1,CXAK45WGE4S2Y34N
1,2022-03-02,1,CXAK45WGE4S2Y34N
2,2022-03-10,1,CXAK45WGE4S2Y34N
0,2023-08-15,1,24IQVAQU4YKFGAVK
1,2023-09-30,1,24IQVAQU4YKFGAVK
2,2024-02-02,1,24IQVAQU4YKFGAVK
3,2024-02-08,1,24IQVAQU4YKFGAVK
4,2024-02-27,1,24IQVAQU4YKFGAVK
5,2024-04-24,1,24IQVAQU4YKFGAVK
6,2024-06-03,0,24IQVAQU4YKFGAVK
7,2024-08-02,1,24IQVAQU4YKFGAVK
8,2024-08-19,1,24IQVAQU4YKFGAVK
9,2024-09-24,1,24IQVAQU4YKFGAVK
10,2024-11-16,1,24IQVAQU4YKFGAVK
0,2025-02-20,1,PY4MHKCZDAPEOQHP
1,2025-03-24,1,PY4MHKCZDAPEOQHP
2,2025-05-05,1,PY4MHKCZDAPEOQHP
0,2023-05-27,1,GF55VX5UT1OOEXV3
1,2023-06-05,1,GF55VX5UT1OOEXV3
2,2023-09-01,1,GF55VX5UT1OOEXV3
3,2023-09-07,1,GF55VX5UT1OOEXV3
4,2023-09-14,1,GF55VX5UT1OOEXV3
5,2023-10-20,1,GF55VX5UT1OOEXV3
6,2023-12-11,1,GF55VX5UT1OOEXV3
7,2024-01-09,1,GF55VX5UT1OOEXV3
8,2024-01-10,1,GF55VX5UT1OOEXV3
9,2024-03-05,1,GF55VX5UT1OOEXV3
10,2024-07-01,1,GF55VX5UT1OOEXV3
11,2024-08-09,1,GF55VX5UT1OOEXV3
12,2025-01-19,1,GF55VX5UT1OOEXV3
13,2025-06-23,0,GF55VX5UT1OOEXV3
0,2024-03-17,1,S12KUBWEG4IWY9UN
1,2024-04-10,1,S12KUBWEG4IWY9UN
2,2024-04-20,1,S12KUBWEG4IWY9UN
3,2024-06-24,0,S12KUBWEG4IWY9UN
0,2024-03-31,1,VTQ1DQ1O9B4TSQDU
0,2024-04-22,1,VX8XMK8P0MZ5TQM6
1,2024-05-22,1,VX8XMK8P0MZ5TQM6
2,2024-06-10,1,VX8XMK8P0MZ5TQM6
0,2022-05-13,1,STPTVHPU4OFBGHVK
1,2023-02-09,1,STPTVHPU4OFBGHVK
2,2023-03-12,1,STPTVHPU4OFBGHVK
3,2023-03-16,0,STPTVHPU4OFBGHVK
4,2023-06-17,1,STPTVHPU4OFBGHVK
5,2023-07-13,1,STPTVHPU4OFBGHVK
6,2023-07-21,1,STPTVHPU4OFBGHVK
7,2023-07-25,1,STPTVHPU4OFBGHVK
8,2024-02-15,0,STPTVHPU4OFBGHVK
9,2024-04-09,1,STPTVHPU4OFBGHVK
10,2024-05-08,1,STPTVHPU4OFBGHVK
11,2024-05-12,1,STPTVHPU4OFBGHVK
0,2023-02-18,1,G1OR9QOM7IE3HK9G
1,2023-05-16,1,G1OR9QOM7IE3HK9G
2,2023-12-15,1,G1OR9QOM7IE3HK9G
3,2023-12-26,1,G1OR9QOM7IE3HK9G
4,2024-01-06,0,G1OR9QOM7IE3HK9G
5,2024-02-19,0,G1OR9QOM7IE3HK9G
6,2024-11-06,1,G1OR9QOM7IE3HK9G
7,2024-11-07,1,G1OR9QOM7IE3HK9G
8,2025-01-19,1,G1OR9QOM7IE3HK9G
9,2025-02-13,1,G1OR9QOM7IE3HK9G
0,2022-05-28,0,PFPT05PAUO9XG50K
1,2022-06-18,1,PFPT05PAUO9XG50K
0,2022-09-14,1,C4U9TQ2YGKT5RQZT
1,2023-04-20,0,C4U9TQ2YGKT5RQZT
2,2023-10-10,1,C4U9TQ2YGKT5RQZT
0,2023-11-16,1,2UKT3UPX8O3AGBVK
1,2023-11-17,1,2UKT3UPX8O3AGBVK
2,2024-02-01,1,2UKT3UPX8O3AGBVK
3,2024-02-03,1,2UKT3UPX8O3AGBVK
4,2024-06-14,1,2UKT3UPX8O3AGBVK
5,2024-08-08,1,2UKT3UPX8O3AGBVK
6,2024-09-09,1,2UKT3UPX8O3AGBVK
7,2024-10-07,0,2UKT3UPX8O3AGBVK
8,2024-11-21,1,2UKT3UPX8O3AGBVK
9,2024-12-20,1,2UKT3UPX8O3AGBVK
10,2025-05-12,1,2UKT3UPX8O3AGBVK
11,2025-06-07,1,2UKT3UPX8O3AGBVK
12,2025-07-04,0,2UKT3UPX8O3AGBVK
0,2023-05-14,1,VMPZ0RHUU6059QAV
1,2023-09-30,1,VMPZ0RHUU6059QAV
2,2024-02-05,1,VMPZ0RHUU6059QAV
3,2024-04-08,1,VMPZ0RHUU6059QAV
4,2024-07-20,1,VMPZ0RHUU6059QAV
5,2024-08-17,1,VMPZ0RHUU6059QAV
6,2024-11-24,1,VMPZ0RHUU6059QAV
7,2024-12-01,1,VMPZ0RHUU6059QAV
8,2024-12-22,0,VMPZ0RHUU6059QAV
9,2025-01-16,0,VMPZ0RHUU6059QAV
10,2025-04-18,1,VMPZ0RHUU6059QAV
0,2023-11-06,1,EFIU9TVBR9J5CQPF
1,2023-11-13,1,EFIU9TVBR9J5CQPF
2,2024-02-18,1,EFIU9TVBR9J5CQPF
0,2024-04-28,1,SMBB8VTQQR89YJUN
1,2024-06-09,1,SMBB8VTQQR89YJUN
0,2023-11-23,1,0UIQU9DMC3U57Q24
1,2024-06-03,1,0UIQU9DMC3U57Q24
2,2024-06-10,1,0UIQU9DMC3U57Q24
3,2024-06-20,0,0UIQU9DMC3U57Q24
4,2024-08-14,1,0UIQU9DMC3U57Q24
5,2024-09-05,1,0UIQU9DMC3U57Q24
6,2025-01-18,1,0UIQU9DMC3U57Q24
7,2025-02-26,1,0UIQU9DMC3U57Q24
8,2025-05-03,1,0UIQU9DMC3U57Q24
9,2025-05-31,1,0UIQU9DMC3U57Q24
0,2023-05-21,0,PXF9DGMOJD2X45YW
1,2023-09-06,1,PXF9DGMOJD2X45YW
2,2023-09-14,1,PXF9DGMOJD2X45YW
3,2023-10-18,1,PXF9DGMOJD2X45YW
4,2023-12-06,0,PXF9DGMOJD2X45YW
5,2023-12-18,1,PXF9DGMOJD2X45YW
0,2023-08-25,1,CYDXCZ9YYNC3AKJC
1,2023-10-04,0,CYDXCZ9YYNC3AKJC
2,2023-10-08,1,CYDXCZ9YYNC3AKJC
3,2024-01-29,1,CYDXCZ9YYNC3AKJC
4,2024-03-11,0,CYDXCZ9YYNC3AKJC
0,2023-04-17,1,0FMAJU0HSJOQEXV3
0,2024-11-18,1,21G9LEMFFDLA4B1W
0,2022-06-14,1,ET054OZ1EF45SQDU
0,2024-08-25,1,EXOHSPUBAS73MKT8
1,2025-04-11,0,EXOHSPUBAS73MKT8
0,2024-09-04,1,2T6FFUPQNOFBGHVK
1,2024-10-08,1,2T6FFUPQNOFBGHVK
2,2024-12-10,1,2T6FFUPQNOFBGHVK
3,2025-01-14,1,2T6FFUPQNOFBGHVK
4,2025-06-02,1,2T6FFUPQNOFBGHVK
0,2023-08-23,1,SYS6HVT55RNJYOUN
1,2023-09-06,1,SYS6HVT55RNJYOUN
2,2023-10-04,0,SYS6HVT55RNJYOUN
3,2023-12-03,1,SYS6HVT55RNJYOUN
0,2023-07-31,1,P4FUIJ2YGKT5RQZT
1,2023-09-02,1,P4FUIJ2YGKT5RQZT
0,2023-02-15,0,0X6N3EYJ9ZDQUX1L
1,2023-04-25,1,0X6N3EYJ9ZDQUX1L
2,2023-06-04,1,0X6N3EYJ9ZDQUX1L
3,2023-07-06,0,0X6N3EYJ9ZDQUX1L
4,2023-08-01,1,0X6N3EYJ9ZDQUX1L
5,2023-08-18,1,0X6N3EYJ9ZDQUX1L
6,2023-09-24,1,0X6N3EYJ9ZDQUX1L
7,2023-11-16,1,0X6N3EYJ9ZDQUX1L
8,2024-01-09,1,0X6N3EYJ9ZDQUX1L
9,2024-01-17,1,0X6N3EYJ9ZDQUX1L
0,2023-10-22,0,SUEFRUPX8O3AGBVK
0,2024-05-03,1,EMA05DJ118G3BKOE
1,2024-07-24,0,EMA05DJ118G3BKOE
0,2024-09-16,1,VFC38TVBR9J5CQPF
1,2024-10-17,1,VFC38TVBR9J5CQPF
2,2025-01-05,1,VFC38TVBR9J5CQPF
3,2025-01-16,1,VFC38TVBR9J5CQPF
4,2025-06-30,0,VFC38TVBR9J5CQPF
0,2025-06-26,1,2MU19EMKKD6B4H1W
0,2025-02-27,1,CXDUQ0TAHRSFY34N
1,2025-05-09,1,CXDUQ0TAHRSFY34N
2,2025-06-16,1,CXDUQ0TAHRSFY34N
0,2023-11-30,1,PYGH3MB44WP5OQHP
1,2024-02-02,1,PYGH3MB44WP5OQHP
2,2024-02-07,1,PYGH3MB44WP5OQHP
3,2024-02-16,1,PYGH3MB44WP5OQHP
4,2024-03-20,1,PYGH3MB44WP5OQHP
5,2024-04-19,1,PYGH3MB44WP5OQHP
6,2024-08-15,1,PYGH3MB44WP5OQHP
7,2024-09-22,1,PYGH3MB44WP5OQHP
8,2024-11-25,1,PYGH3MB44WP5OQHP
9,2024-12-04,1,PYGH3MB44WP5OQHP
10,2025-01-11,1,PYGH3MB44WP5OQHP
11,2025-04-25,1,PYGH3MB44WP5OQHP
12,2025-06-17,1,PYGH3MB44WP5OQHP
13,2025-06-20,1,PYGH3MB44WP5OQHP
14,2025-07-03,1,PYGH3MB44WP5OQHP
0,2022-06-06,1,GFLMIH0HSJOQEXV3
1,2022-07-08,0,GFLMIH0HSJOQEXV3
0,2024-11-06,1,S19UA3TXXRIOY9UN
1,2024-11-16,1,S19UA3TXXRIOY9UN
0,2024-09-12,1,VXXYFB19O2Z5TQM6
1,2025-01-25,1,VXXYFB19O2Z5TQM6
2,2025-04-11,0,VXXYFB19O2Z5TQM6
0,2024-01-27,1,STTJMX9QNOFBAHVK
1,2024-02-01,1,STTJMX9QNOFBAHVK
2,2024-02-15,1,STTJMX9QNOFBAHVK
3,2024-03-26,1,STTJMX9QNOFBAHVK
4,2024-06-04,1,STTJMX9QNOFBAHVK
5,2024-07-29,1,STTJMX9QNOFBAHVK
6,2024-09-19,1,STTJMX9QNOFBAHVK
7,2024-11-17,0,STTJMX9QNOFBAHVK
8,2024-11-30,0,STTJMX9QNOFBAHVK
9,2024-12-05,1,STTJMX9QNOFBAHVK
10,2025-01-27,1,STTJMX9QNOFBAHVK
11,2025-04-18,1,STTJMX9QNOFBAHVK
0,2023-02-22,1,G1R8DUNMMIE3LK9G
1,2023-03-02,1,G1R8DUNMMIE3LK9G
2,2023-03-26,1,G1R8DUNMMIE3LK9G
3,2023-05-02,0,G1R8DUNMMIE3LK9G
4,2023-05-19,1,G1R8DUNMMIE3LK9G
5,2023-08-30,1,G1R8DUNMMIE3LK9G
6,2023-12-28,1,G1R8DUNMMIE3LK9G
7,2024-04-04,1,G1R8DUNMMIE3LK9G
8,2024-05-16,1,G1R8DUNMMIE3LK9G
9,2024-05-30,1,G1R8DUNMMIE3LK9G
10,2024-07-25,1,G1R8DUNMMIE3LK9G
11,2024-08-01,1,G1R8DUNMMIE3LK9G
12,2024-10-11,0,G1R8DUNMMIE3LK9G
0,2023-11-23,0,PFTJMA9A7O9XA50K
1,2023-12-21,1,PFTJMA9A7O9XA50K
0,2022-03-16,1,2YPZCQ233DWHRA1W
1,2022-05-26,1,2YPZCQ233DWHRA1W
2,2023-05-08,1,2YPZCQ233DWHRA1W
3,2023-10-21,1,2YPZCQ233DWHRA1W
4,2023-11-23,1,2YPZCQ233DWHRA1W
5,2023-12-08,1,2YPZCQ233DWHRA1W
6,2024-01-17,0,2YPZCQ233DWHRA1W
0,2022-02-18,1,C4E3BMFYGKT5QQZT
1,2022-04-01,1,C4E3BMFYGKT5QQZT
2,2022-04-15,0,C4E3BMFYGKT5QQZT
3,2022-06-01,1,C4E3BMFYGKT5QQZT
4,2022-06-03,0,C4E3BMFYGKT5QQZT
5,2022-08-10,1,C4E3BMFYGKT5QQZT
6,2022-09-17,1,C4E3BMFYGKT5QQZT
7,2023-02-16,1,C4E3BMFYGKT5QQZT
8,2023-03-08,1,C4E3BMFYGKT5QQZT
9,2023-03-13,1,C4E3BMFYGKT5QQZT
10,2023-04-27,1,C4E3BMFYGKT5QQZT
11,2023-11-28,1,C4E3BMFYGKT5QQZT
12,2024-01-22,0,C4E3BMFYGKT5QQZT
13,2024-02-01,1,C4E3BMFYGKT5QQZT
14,2024-07-08,1,C4E3BMFYGKT5QQZT
15,2024-07-09,1,C4E3BMFYGKT5QQZT
16,2024-07-24,0,C4E3BMFYGKT5QQZT
17,2024-08-09,1,C4E3BMFYGKT5QQZT
18,2024-09-04,1,C4E3BMFYGKT5QQZT
0,2024-05-13,0,GXAS0JRHB7RKZFUI
1,2024-05-19,1,GXAS0JRHB7RKZFUI
2,2024-07-14,1,GXAS0JRHB7RKZFUI
3,2025-02-27,1,GXAS0JRHB7RKZFUI
4,2025-03-13,1,GXAS0JRHB7RKZFUI
5,2025-04-07,1,GXAS0JRHB7RKZFUI
0,2023-05-15,1,VMTW7YLUU6058QAV
1,2023-11-07,0,VMTW7YLUU6058QAV
2,2023-11-10,1,VMTW7YLUU6058QAV
3,2024-01-04,1,VMTW7YLUU6058QAV
4,2024-02-23,1,VMTW7YLUU6058QAV
5,2024-05-24,0,VMTW7YLUU6058QAV
6,2024-07-13,1,VMTW7YLUU6058QAV
7,2024-08-07,0,VMTW7YLUU6058QAV
8,2024-08-11,1,VMTW7YLUU6058QAV
9,2024-08-14,1,VMTW7YLUU6058QAV
10,2024-09-28,0,VMTW7YLUU6058QAV
11,2024-11-11,1,VMTW7YLUU6058QAV
0,2023-12-24,1,EF5O1BJBR9J5BQPF
1,2024-01-05,1,EF5O1BJBR9J5BQPF
2,2024-01-07,1,EF5O1BJBR9J5BQPF
3,2024-01-24,1,EF5O1BJBR9J5BQPF
4,2024-05-08,0,EF5O1BJBR9J5BQPF
5,2024-05-13,1,EF5O1BJBR9J5BQPF
6,2024-05-26,1,EF5O1BJBR9J5BQPF
0,2024-01-15,1,SM25PFSQQR89DJUN
1,2024-03-05,1,SM25PFSQQR89DJUN
2,2024-03-19,1,SM25PFSQQR89DJUN
0,2024-06-02,1,0U51A1KMC3U55Q24
1,2024-09-15,0,0U51A1KMC3U55Q24
2,2025-04-24,1,0U51A1KMC3U55Q24
3,2025-05-28,1,0U51A1KMC3U55Q24
0,2022-10-20,1,PX83CA2OJD2XR5YW
1,2023-03-23,1,PX83CA2OJD2XR5YW
2,2023-09-14,1,PX83CA2OJD2XR5YW
3,2023-11-25,0,PX83CA2OJD2XR5YW
4,2024-01-14,1,PX83CA2OJD2XR5YW
5,2024-02-02,1,PX83CA2OJD2XR5YW
6,2024-03-19,1,PX83CA2OJD2XR5YW
7,2024-04-09,1,PX83CA2OJD2XR5YW
8,2024-06-01,0,PX83CA2OJD2XR5YW
9,2024-07-28,1,PX83CA2OJD2XR5YW
10,2024-08-08,1,PX83CA2OJD2XR5YW
11,2024-08-10,1,PX83CA2OJD2XR5YW
12,2024-08-13,1,PX83CA2OJD2XR5YW
13,2024-09-30,1,PX83CA2OJD2XR5YW
0,2025-03-29,1,CYOY2T8YYNC3WKJC
1,2025-04-19,1,CYOY2T8YYNC3WKJC
2,2025-07-04,1,CYOY2T8YYNC3WKJC
0,2025-06-04,1,21Y3C52SFDLARB1W
1,2025-07-30,1,21Y3C52SFDLARB1W
0,2023-11-12,1,ET4MVY3KEF45XQDU
1,2023-11-19,1,ET4MVY3KEF45XQDU
2,2024-02-15,1,ET4MVY3KEF45XQDU
3,2024-06-10,0,ET4MVY3KEF45XQDU
4,2024-06-25,1,ET4MVY3KEF45XQDU
5,2024-06-30,0,ET4MVY3KEF45XQDU
6,2025-01-02,0,ET4MVY3KEF45XQDU
7,2025-01-13,0,ET4MVY3KEF45XQDU
8,2025-02-28,1,ET4MVY3KEF45XQDU
9,2025-05-06,1,ET4MVY3KEF45XQDU
10,2025-05-16,1,ET4MVY3KEF45XQDU
11,2025-07-04,1,ET4MVY3KEF45XQDU
0,2023-02-23,1,EXRQJ976AS732KT8
1,2023-04-06,1,EXRQJ976AS732KT8
2,2023-06-20,1,EXRQJ976AS732KT8
3,2023-07-25,1,EXRQJ976AS732KT8
4,2023-09-07,1,EXRQJ976AS732KT8
5,2023-10-18,0,EXRQJ976AS732KT8
6,2024-01-15,1,EXRQJ976AS732KT8
0,2022-06-27,1,2TF4WX9JNOFBAHVK
1,2022-07-04,1,2TF4WX9JNOFBAHVK
0,2023-09-29,1,01V7M1WNTLV5IQB0
1,2023-10-20,1,01V7M1WNTLV5IQB0
2,2024-02-22,1,01V7M1WNTLV5IQB0
3,2024-06-10,0,01V7M1WNTLV5IQB0
4,2024-07-25,1,01V7M1WNTLV5IQB0
5,2024-08-06,1,01V7M1WNTLV5IQB0
6,2024-11-11,1,01V7M1WNTLV5IQB0
7,2025-04-23,1,01V7M1WNTLV5IQB0
8,2025-06-17,1,01V7M1WNTLV5IQB0
0,2023-04-20,1,CFI42K9K7O8XA50K
1,2023-04-27,1,CFI42K9K7O8XA50K
2,2023-05-29,1,CFI42K9K7O8XA50K
3,2023-08-23,0,CFI42K9K7O8XA50K
4,2023-09-27,1,CFI42K9K7O8XA50K
5,2023-11-20,0,CFI42K9K7O8XA50K
0,2024-05-10,1,SYB037SD5RAJDOUN
1,2024-08-11,1,SYB037SD5RAJDOUN
2,2024-09-22,1,SYB037SD5RAJDOUN
3,2025-04-16,0,SYB037SD5RAJDOUN
4,2025-05-29,1,SYB037SD5RAJDOUN
0,2023-04-20,1,P48O03FKGKN5QQZT
1,2023-05-10,1,P48O03FKGKN5QQZT
2,2023-05-29,1,P48O03FKGKN5QQZT
3,2023-06-17,1,P48O03FKGKN5QQZT
4,2023-07-06,1,P48O03FKGKN5QQZT
0,2024-07-19,1,0XFEALDI9ZKQ7X1L
1,2025-01-09,0,0XFEALDI9ZKQ7X1L
2,2025-05-03,0,0XFEALDI9ZKQ7X1L
0,2023-10-15,1,SU146O998OSAABVK
1,2023-12-02,1,SU146O998OSAABVK
2,2023-12-16,1,SU146O998OSAABVK
3,2023-12-27,1,SU146O998OSAABVK
4,2024-02-28,1,SU146O998OSAABVK
5,2024-05-15,1,SU146O998OSAABVK
0,2022-03-13,1,EMD2UIIW18Q36KOE
1,2022-04-09,1,EMD2UIIW18Q36KOE
2,2022-07-21,1,EMD2UIIW18Q36KOE
3,2022-10-05,0,EMD2UIIW18Q36KOE
4,2022-10-21,0,EMD2UIIW18Q36KOE
0,2024-06-05,1,VFMTZFJFR9I5BQPF
1,2024-07-15,1,VFMTZFJFR9I5BQPF
2,2024-09-16,1,VFMTZFJFR9I5BQPF
3,2024-10-22,1,VFMTZFJFR9I5BQPF
4,2024-11-20,1,VFMTZFJFR9I5BQPF
5,2025-04-06,1,VFMTZFJFR9I5BQPF
0,2024-12-31,1,2MEAQ227KDJBRH1W
1,2025-02-25,1,2MEAQ227KDJBRH1W
2,2025-03-06,0,2MEAQ227KDJBRH1W
0,2024-02-25,1,GUP5P3KKC3N55Q24
1,2024-03-14,1,GUP5P3KKC3N55Q24
2,2024-08-28,1,GUP5P3KKC3N55Q24
3,2025-02-24,1,GUP5P3KKC3N55Q24
4,2025-04-21,1,GUP5P3KKC3N55Q24
5,2025-05-17,1,GUP5P3KKC3N55Q24
6,2025-06-01,1,GUP5P3KKC3N55Q24
0,2023-02-28,1,CXOO9NSWHRXFD34N
1,2023-03-07,1,CXOO9NSWHRXFD34N
2,2023-03-09,1,CXOO9NSWHRXFD34N
3,2023-03-18,1,CXOO9NSWHRXFD34N
4,2023-04-02,0,CXOO9NSWHRXFD34N
5,2023-04-25,0,CXOO9NSWHRXFD34N
6,2023-06-20,1,CXOO9NSWHRXFD34N
7,2023-06-29,1,CXOO9NSWHRXFD34N
8,2024-03-25,0,CXOO9NSWHRXFD34N
0,2023-10-13,1,24LALJ9OIORHAAVK
1,2024-03-03,1,24LALJ9OIORHAAVK
0,2023-02-17,1,PYYQYL6N4WK5NQHP
1,2023-05-01,1,PYYQYL6N4WK5NQHP
2,2023-07-22,1,PYYQYL6N4WK5NQHP
3,2023-09-03,1,PYYQYL6N4WK5NQHP
4,2023-09-29,1,PYYQYL6N4WK5NQHP
5,2023-10-27,1,PYYQYL6N4WK5NQHP
6,2023-12-12,1,PYYQYL6N4WK5NQHP
7,2023-12-26,1,PYYQYL6N4WK5NQHP
0,2023-01-26,1,GF3HK3O3XJNQHXV3
1,2023-03-08,1,GF3HK3O3XJNQHXV3
2,2023-05-07,1,GF3HK3O3XJNQHXV3
0,2024-03-16,1,S1SO7RS2DRBOD9UN
1,2024-07-25,1,S1SO7RS2DRBOD9UN
2,2024-08-09,1,S1SO7RS2DRBOD9UN
0,2024-02-01,1,VTKXF33K5FN5XQDU
1,2024-05-22,1,VTKXF33K5FN5XQDU
2,2024-07-01,0,VTKXF33K5FN5XQDU
3,2024-07-12,1,VTKXF33K5FN5XQDU
4,2024-11-02,1,VTKXF33K5FN5XQDU
5,2024-12-28,1,VTKXF33K5FN5XQDU
6,2025-01-09,1,VTKXF33K5FN5XQDU
7,2025-02-25,1,VTKXF33K5FN5XQDU
8,2025-06-26,1,VTKXF33K5FN5XQDU
0,2025-04-29,1,VX6BL6Z8N235SQM6
0,2023-09-17,1,STCKO98JBO7BAHVK
1,2023-10-13,1,STCKO98JBO7BAHVK
2,2024-03-27,1,STCKO98JBO7BAHVK
3,2024-05-27,0,STCKO98JBO7BAHVK
4,2024-06-15,0,STCKO98JBO7BAHVK
0,2024-10-16,1,G1AG8IMWLIQ3LK9G
1,2024-11-16,1,G1AG8IMWLIQ3LK9G
2,2024-12-14,0,G1AG8IMWLIQ3LK9G
3,2025-01-11,1,G1AG8IMWLIQ3LK9G
4,2025-02-09,1,G1AG8IMWLIQ3LK9G
5,2025-02-20,1,G1AG8IMWLIQ3LK9G
0,2024-10-04,1,PFCKFK8K5O8XA50K
0,2023-04-23,1,C41TF3EK5KN5QQZT
1,2023-05-05,1,C41TF3EK5KN5QQZT
2,2023-07-03,0,C41TF3EK5KN5QQZT
3,2023-11-01,1,C41TF3EK5KN5QQZT
4,2023-11-19,0,C41TF3EK5KN5QQZT
5,2023-12-04,1,C41TF3EK5KN5QQZT
6,2023-12-13,1,C41TF3EK5KN5QQZT
7,2023-12-21,1,C41TF3EK5KN5QQZT
8,2024-04-21,1,C41TF3EK5KN5QQZT
9,2024-06-29,1,C41TF3EK5KN5QQZT
10,2024-09-07,1,C41TF3EK5KN5QQZT
11,2024-10-27,1,C41TF3EK5KN5QQZT
12,2024-12-20,1,C41TF3EK5KN5QQZT
0,2023-07-22,0,GXDINIQL67QKZFUI
0,2023-08-24,1,2UQKJO89AOSAABVK
0,2023-04-17,1,VMCV6L4NI6K58QAV
1,2023-06-20,1,VMCV6L4NI6K58QAV
2,2023-11-01,1,VMCV6L4NI6K58QAV
3,2023-11-22,1,VMCV6L4NI6K58QAV
4,2024-01-14,1,VMCV6L4NI6K58QAV
5,2024-03-13,1,VMCV6L4NI6K58QAV
6,2024-07-01,0,VMCV6L4NI6K58QAV
7,2024-07-13,1,VMCV6L4NI6K58QAV
8,2024-10-04,1,VMCV6L4NI6K58QAV
9,2024-10-15,1,VMCV6L4NI6K58QAV
0,2023-05-03,1,EFLF3FIFQ9I5BQPF
0,2023-10-13,1,0ULAFACK5YN55Q2A
1,2023-11-06,1,0ULAFACK5YN55Q2A
2,2023-11-13,1,0ULAFACK5YN55Q2A
3,2023-12-01,1,0ULAFACK5YN55Q2A
4,2024-04-25,1,0ULAFACK5YN55Q2A
5,2024-05-18,1,0ULAFACK5YN55Q2A
6,2024-11-07,1,0ULAFACK5YN55Q2A
0,2023-10-10,1,CYRBAB1WLMQ3WKJB
1,2023-11-01,1,CYRBAB1WLMQ3WKJB
2,2023-12-10,0,CYRBAB1WLMQ3WKJB
3,2023-12-14,1,CYRBAB1WLMQ3WKJB
4,2023-12-22,1,CYRBAB1WLMQ3WKJB
5,2024-01-02,1,CYRBAB1WLMQ3WKJB
6,2024-01-10,1,CYRBAB1WLMQ3WKJB
7,2024-04-19,0,CYRBAB1WLMQ3WKJB
8,2024-05-12,0,CYRBAB1WLMQ3WKJB
9,2024-07-07,1,CYRBAB1WLMQ3WKJB
10,2024-07-22,1,CYRBAB1WLMQ3WKJB
11,2024-08-06,1,CYRBAB1WLMQ3WKJB
12,2024-08-08,1,CYRBAB1WLMQ3WKJB
0,2023-12-12,1,0FTYCYN3X5NQHXVY
1,2024-01-22,1,0FTYCYN3X5NQHXVY
0,2025-06-11,1,210T4TFSRK9ARB1T
0,2024-08-20,1,EXA1Y156WX532KT1
1,2024-09-14,1,EXA1Y156WX532KT1
2,2025-01-15,1,EXA1Y156WX532KT1
3,2025-02-27,0,EXA1Y156WX532KT1
4,2025-07-16,0,EXA1Y156WX532KT1
0,2025-06-14,0,2T89GM8JBQ7BAHVM
1,2025-07-16,1,2T89GM8JBQ7BAHVM
0,2025-04-03,1,01UNJOTNI4K5IQBO
1,2025-05-01,0,01UNJOTNI4K5IQBO
2,2025-07-10,1,01UNJOTNI4K5IQBO
0,2023-03-29,1,CF59EM8K5Q8XA50M
1,2023-04-27,0,CF59EM8K5Q8XA50M
0,2024-07-16,0,SY22YMXDZQAJDOUM
1,2025-04-13,0,SY22YMXDZQAJDOUM
0,2025-06-19,1,P4XFRBEK5MN5QQZB
0,2024-02-27,1,0X8RT4KI83KQ7X14
1,2024-03-06,1,0X8RT4KI83KQ7X14
2,2024-03-23,1,0X8RT4KI83KQ7X14
3,2024-08-30,1,0X8RT4KI83KQ7X14
4,2024-11-16,0,0X8RT4KI83KQ7X14
5,2025-01-08,1,0X8RT4KI83KQ7X14
6,2025-01-22,1,0X8RT4KI83KQ7X14
0,2024-07-18,1,SUV9GM89AQSAAUVM
1,2024-09-16,1,SUV9GM89AQSAAUVM
2,2025-01-03,1,SUV9GM89AQSAAUVM
0,2023-05-28,0,EMOLBHYWL1Q36ROH
1,2023-06-23,1,EMOLBHYWL1Q36ROH
2,2023-08-23,1,EMOLBHYWL1Q36ROH
3,2023-09-02,1,EMOLBHYWL1Q36ROH
4,2023-09-19,1,EMOLBHYWL1Q36ROH
5,2023-09-21,1,EMOLBHYWL1Q36ROH
6,2023-11-02,1,EMOLBHYWL1Q36ROH
7,2023-11-19,1,EMOLBHYWL1Q36ROH
8,2023-12-21,1,EMOLBHYWL1Q36ROH
9,2024-01-10,1,EMOLBHYWL1Q36ROH
10,2024-01-15,0,EMOLBHYWL1Q36ROH
11,2024-02-18,1,EMOLBHYWL1Q36ROH
12,2024-07-16,1,EMOLBHYWL1Q36ROH
0,2023-04-29,1,VFPJG1IFQXI5BTP1
0,2023-08-28,1,GUTMYACA5YN5592A
1,2023-09-21,1,GUTMYACA5YN5592A
2,2023-11-01,1,GUTMYACA5YN5592A
3,2023-11-22,1,GUTMYACA5YN5592A
4,2024-04-24,1,GUTMYACA5YN5592A
5,2024-10-08,1,GUTMYACA5YN5592A
6,2025-01-09,1,GUTMYACA5YN5592A
7,2025-03-30,0,GUTMYACA5YN5592A
8,2025-05-13,1,GUTMYACA5YN5592A
9,2025-07-02,0,GUTMYACA5YN5592A
10,2025-07-30,1,GUTMYACA5YN5592A
0,2025-03-08,1,CXRFZMXTLQXFDG4M
1,2025-04-03,1,CXRFZMXTLQXFDG4M
2,2025-04-18,0,CXRFZMXTLQXFDG4M
3,2025-07-13,1,CXRFZMXTLQXFDG4M
0,2022-06-17,1,243XXM8MHQRHAUVM
1,2022-08-02,1,243XXM8MHQRHAUVM
2,2022-10-05,1,243XXM8MHQRHAUVM
3,2023-01-25,1,243XXM8MHQRHAUVM
4,2023-03-27,1,243XXM8MHQRHAUVM
5,2023-04-12,1,243XXM8MHQRHAUVM
6,2023-05-07,1,243XXM8MHQRHAUVM
7,2023-07-18,1,243XXM8MHQRHAUVM
8,2023-07-28,1,243XXM8MHQRHAUVM
9,2023-08-12,1,243XXM8MHQRHAUVM
10,2023-09-04,1,243XXM8MHQRHAUVM
11,2023-10-14,0,243XXM8MHQRHAUVM
12,2023-11-05,1,243XXM8MHQRHAUVM
13,2023-11-30,1,243XXM8MHQRHAUVM
14,2024-02-26,1,243XXM8MHQRHAUVM
15,2024-04-11,1,243XXM8MHQRHAUVM
0,2023-10-29,1,PY01E9UBITK5NZH9
1,2024-01-04,1,PY01E9UBITK5NZH9
2,2024-03-04,1,PY01E9UBITK5NZH9
3,2024-09-19,1,PY01E9UBITK5NZH9
4,2024-11-16,1,PY01E9UBITK5NZH9
0,2022-04-16,1,GFIQBYNYX5NQHUVY
1,2022-05-04,1,GFIQBYNYX5NQHUVY
2,2022-05-09,1,GFIQBYNYX5NQHUVY
3,2022-06-04,1,GFIQBYNYX5NQHUVY
0,2024-11-10,1,S1BFWMXTDQBODEUM
1,2024-12-18,1,S1BFWMXTDQBODEUM
2,2025-01-08,1,S1BFWMXTDQBODEUM
0,2023-02-05,1,VTNYMUGH51N5XODH
1,2023-03-05,1,VTNYMUGH51N5XODH
2,2023-07-04,1,VTNYMUGH51N5XODH
3,2023-08-06,1,VTNYMUGH51N5XODH
4,2023-09-08,1,VTNYMUGH51N5XODH
5,2023-10-03,1,VTNYMUGH51N5XODH
6,2024-02-23,1,VTNYMUGH51N5XODH
7,2024-06-12,1,VTNYMUGH51N5XODH
0,2023-12-08,1,VXF5R731NF35SPMU
1,2023-12-15,0,VXF5R731NF35SPMU
2,2023-12-22,1,VXF5R731NF35SPMU
3,2024-01-07,1,VXF5R731NF35SPMU
4,2024-01-20,1,VXF5R731NF35SPMU
5,2024-04-20,1,VXF5R731NF35SPMU
0,2024-08-23,1,STMU5K1MBQ7BAUVM
1,2024-09-08,0,STMU5K1MBQ7BAUVM
2,2024-09-18,1,STMU5K1MBQ7BAUVM
3,2024-12-07,1,STMU5K1MBQ7BAUVM
4,2025-02-08,1,STMU5K1MBQ7BAUVM
0,2025-02-23,1,G1DS0P2OLYQ3LS9A
1,2025-06-10,1,G1DS0P2OLYQ3LS9A
0,2023-08-25,1,PFMUH91M5Q8XA40M
1,2023-12-01,1,PFMUH91M5Q8XA40M
0,2023-04-13,1,2YCV8IEM7KOHRV1T
1,2023-05-22,1,2YCV8IEM7KOHRV1T
2,2023-07-26,1,2YCV8IEM7KOHRV1T
3,2023-09-03,1,2YCV8IEM7KOHRV1T
4,2023-09-07,1,2YCV8IEM7KOHRV1T
0,2024-07-12,0,C4VJ14HB5MN5QJZB
1,2024-08-22,1,C4VJ14HB5MN5QJZB
2,2024-08-23,1,C4VJ14HB5MN5QJZB
3,2024-10-03,1,C4VJ14HB5MN5QJZB
0,2024-02-14,1,GXOC2DP465QKZEUY
1,2024-04-02,1,GXOC2DP465QKZEUY
2,2024-08-02,1,GXOC2DP465QKZEUY
3,2024-12-05,1,GXOC2DP465QKZEUY
4,2025-01-24,0,GXOC2DP465QKZEUY
5,2025-03-01,0,GXOC2DP465QKZEUY
6,2025-03-12,1,GXOC2DP465QKZEUY
0,2022-10-14,1,2UWUQF1MAQSAAUVM
1,2022-10-16,1,2UWUQF1MAQSAAUVM
0,2025-05-05,1,VMMDCERHIUK58DAJ
1,2025-07-11,1,VMMDCERHIUK58DAJ
0,2025-03-07,1,EF34WJY1QXI5BTP1
1,2025-03-26,1,EF34WJY1QXI5BTP1
2,2025-03-29,1,EF34WJY1QXI5BTP1
0,2025-03-31,1,SMSHJWVT2QH9DEUM
1,2025-04-02,1,SMSHJWVT2QH9DEUM
2,2025-04-06,1,SMSHJWVT2QH9DEUM
0,2022-05-10,1,0U3XWTBA5YN5592A
1,2022-05-26,1,0U3XWTBA5YN5592A
2,2022-07-27,1,0U3XWTBA5YN5592A
3,2022-12-25,1,0U3XWTBA5YN5592A
4,2023-05-11,1,0U3XWTBA5YN5592A
0,2025-01-07,1,PX6J5SEMIKFXR0YT
1,2025-01-09,1,PX6J5SEMIKFXR0YT
0,2022-04-26,1,S4GHD31MHQR4AUVM
1,2022-04-29,1,S4GHD31MHQR4AUVM
2,2022-10-28,1,S4GHD31MHQR4AUVM
3,2023-03-14,1,S4GHD31MHQR4AUVM
4,2023-05-26,1,S4GHD31MHQR4AUVM
5,2023-09-24,1,S4GHD31MHQR4AUVM
6,2023-11-04,1,S4GHD31MHQR4AUVM
7,2023-11-25,1,S4GHD31MHQR4AUVM
8,2023-12-20,1,S4GHD31MHQR4AUVM
9,2024-02-25,1,S4GHD31MHQR4AUVM
10,2024-04-28,1,S4GHD31MHQR4AUVM
11,2024-09-27,1,S4GHD31MHQR4AUVM
0,2023-06-08,1,CYA5K0Z9LMQRW7JB
0,2023-04-11,1,0FCB6OMYX5NTHUVY
1,2023-05-03,1,0FCB6OMYX5NTHUVY
2,2023-06-06,1,0FCB6OMYX5NTHUVY
3,2023-09-29,1,0FCB6OMYX5NTHUVY
4,2023-11-26,1,0FCB6OMYX5NTHUVY
5,2023-12-07,1,0FCB6OMYX5NTHUVY
0,2025-01-11,1,214JB8EMRK90RV1T
1,2025-03-17,1,214JB8EMRK90RV1T
2,2025-06-08,1,214JB8EMRK90RV1T
3,2025-07-20,1,214JB8EMRK90RV1T
0,2023-08-27,1,ETYQWUAH51N9XODH
1,2023-09-16,0,ETYQWUAH51N9XODH
2,2023-10-22,1,ETYQWUAH51N9XODH
3,2023-11-03,1,ETYQWUAH51N9XODH
4,2023-12-02,1,ETYQWUAH51N9XODH
5,2024-01-01,0,ETYQWUAH51N9XODH
6,2024-01-20,1,ETYQWUAH51N9XODH
7,2024-01-25,1,ETYQWUAH51N9XODH
8,2024-05-17,1,ETYQWUAH51N9XODH
0,2024-10-07,0,2TX3ZK1MBQ74AUVM
1,2024-10-19,1,2TX3ZK1MBQ74AUVM
2,2024-11-15,0,2TX3ZK1MBQ74AUVM
3,2024-11-19,0,2TX3ZK1MBQ74AUVM
4,2024-12-11,1,2TX3ZK1MBQ74AUVM
5,2025-01-29,0,2TX3ZK1MBQ74AUVM
6,2025-02-22,1,2TX3ZK1MBQ74AUVM
7,2025-05-01,1,2TX3ZK1MBQ74AUVM
8,2025-06-07,0,2TX3ZK1MBQ74AUVM
9,2025-07-14,1,2TX3ZK1MBQ74AUVM
10,2025-07-21,1,2TX3ZK1MBQ74AUVM
0,2023-11-19,1,01EEQCSAI4KZI2BO
0,2024-10-22,1,CFL3L91M5Q8UA40M
1,2024-12-07,1,CFL3L91M5Q8UA40M
2,2025-05-05,1,CFL3L91M5Q8UA40M
3,2025-05-11,1,CFL3L91M5Q8UA40M
4,2025-06-04,1,CFL3L91M5Q8UA40M
5,2025-07-06,1,CFL3L91M5Q8UA40M
0,2023-10-04,1,SY9LOLVTZQAGDEUM
1,2023-11-15,1,SY9LOLVTZQAGDEUM
2,2023-12-20,1,SY9LOLVTZQAGDEUM
3,2024-02-11,1,SY9LOLVTZQAGDEUM
0,2024-06-27,1,P464W4HB5MNOQJZB
0,2024-04-20,1,0XX8XQCY83KP7V14
1,2024-08-03,1,0XX8XQCY83KP7V14
2,2024-09-27,1,0XX8XQCY83KP7V14
3,2024-12-12,1,0XX8XQCY83KP7V14
4,2025-04-11,1,0XX8XQCY83KP7V14
5,2025-05-03,1,0XX8XQCY83KP7V14
6,2025-05-10,1,0XX8XQCY83KP7V14
7,2025-05-27,1,0XX8XQCY83KP7V14
8,2025-06-14,1,0XX8XQCY83KP7V14
0,2023-09-29,0,EMRPRFDJO1QS6ROH
1,2023-10-17,1,EMRPRFDJO1QS6ROH
2,2024-01-27,1,EMRPRFDJO1QS6ROH
3,2024-02-12,0,EMRPRFDJO1QS6ROH
4,2024-02-28,1,EMRPRFDJO1QS6ROH
5,2024-03-30,0,EMRPRFDJO1QS6ROH
6,2024-04-04,1,EMRPRFDJO1QS6ROH
7,2024-08-28,1,EMRPRFDJO1QS6ROH
8,2024-10-08,0,EMRPRFDJO1QS6ROH
9,2025-06-10,1,EMRPRFDJO1QS6ROH
0,2024-10-06,1,2MVYVAEM1KJ0RV1T
1,2025-02-07,0,2MVYVAEM1KJ0RV1T
0,2023-07-18,1,GUCH9XBA2YNJ592A
0,2022-07-13,1,CXA4GFVT4QXEDG4M
1,2022-07-24,1,CXA4GFVT4QXEDG4M
2,2022-11-10,1,CXA4GFVT4QXEDG4M
0,2022-12-22,1,PY4AZX7BHTKDNZH9
1,2023-03-20,0,PY4AZX7BHTKDNZH9
0,2022-10-16,1,GF51UQMYV5NTHUVY
1,2022-12-08,1,GF51UQMYV5NTHUVY
0,2025-01-21,1,S124EJVTUQBGDEUM
1,2025-01-30,1,S124EJVTUQBGDEUM
2,2025-03-13,1,S124EJVTUQBGDEUM
3,2025-03-21,1,S124EJVTUQBGDEUM
0,2025-05-30,1,VTQBOXAHD1N9XODH
0,2023-12-18,1,VX8MP5G1MF30SPMU
1,2024-01-23,0,VX8MP5G1MF30SPMU
0,2024-09-28,1,STPOUAZMVQ74AUVM
1,2024-10-26,0,STPOUAZMVQ74AUVM
2,2025-01-05,1,STPOUAZMVQ74AUVM
3,2025-05-20,1,STPOUAZMVQ74AUVM
4,2025-07-09,1,STPOUAZMVQ74AUVM
5,2025-07-23,1,STPOUAZMVQ74AUVM
0,2023-12-27,1,G1OISFFO9YQ7LS9A
0,2022-04-17,1,PFPO4XZM0Q8UA40M
1,2022-04-21,1,PFPO4XZM0Q8UA40M
0,2023-07-10,1,2YMDVBHM1KO0RV1T
1,2023-09-27,1,2YMDVBHM1KO0RV1T
2,2024-01-01,1,2YMDVBHM1KO0RV1T
3,2024-01-29,1,2YMDVBHM1KO0RV1T
4,2024-02-13,1,2YMDVBHM1KO0RV1T
5,2024-06-03,1,2YMDVBHM1KO0RV1T
6,2024-09-03,1,2YMDVBHM1KO0RV1T
7,2024-11-14,1,2YMDVBHM1KO0RV1T
8,2025-01-16,0,2YMDVBHM1KO0RV1T
9,2025-06-24,1,2YMDVBHM1KO0RV1T
0,2024-12-22,1,C4UKCXLUZMNOQJTB
1,2025-02-11,1,C4UKCXLUZMNOQJTB
0,2023-01-10,1,2UKOIHZKVQS4AU3M
1,2023-07-14,1,2UKOIHZKVQS4AU3M
2,2023-09-06,1,2UKOIHZKVQS4AU3M
3,2023-12-07,1,2UKOIHZKVQS4AU3M
4,2024-03-30,1,2UKOIHZKVQS4AU3M
5,2024-05-01,1,2UKOIHZKVQS4AU3M
6,2024-05-14,1,2UKOIHZKVQS4AU3M
7,2024-07-24,1,2UKOIHZKVQS4AU3M
0,2025-05-09,1,VMP64XQPAUK28D0J
0,2022-07-21,1,EFI9S5DJPXI4BT91
1,2022-07-25,1,EFI9S5DJPXI4BT91
0,2022-10-14,1,SMBQXOJIUQHGDE8M
1,2023-01-27,1,SMBQXOJIUQHGDE8M
2,2023-03-04,1,SMBQXOJIUQHGDE8M
3,2023-03-09,1,SMBQXOJIUQHGDE8M
4,2023-06-06,1,SMBQXOJIUQHGDE8M
0,2022-09-15,1,0UIYEX642YNJ59UA
1,2022-12-17,1,0UIYEX642YNJ59UA
0,2024-04-22,0,PXFKOXH2YKFVR0DT
1,2024-05-18,0,PXFKOXH2YKFVR0DT
2,2024-08-12,1,PXFKOXH2YKFVR0DT
3,2024-08-28,1,PXFKOXH2YKFVR0DT
4,2024-08-30,1,PXFKOXH2YKFVR0DT
5,2024-09-12,1,PXFKOXH2YKFVR0DT
6,2024-09-27,1,PXFKOXH2YKFVR0DT
7,2024-10-20,1,PXFKOXH2YKFVR0DT
8,2024-12-28,0,PXFKOXH2YKFVR0DT
9,2025-02-09,1,PXFKOXH2YKFVR0DT
10,2025-04-14,1,PXFKOXH2YKFVR0DT
11,2025-04-17,0,PXFKOXH2YKFVR0DT
12,2025-05-11,1,PXFKOXH2YKFVR0DT
0,2023-12-12,1,S4YQN4ZFVQY4AUKM
1,2024-01-02,1,S4YQN4ZFVQY4AUKM
2,2024-01-19,1,S4YQN4ZFVQY4AUKM
0,2024-11-12,0,CYDMMR3EJMDRW7CB
0,2024-12-04,1,0FM57T2OV5MTHUJY
1,2025-02-21,1,0FM57T2OV5MTHUJY
2,2025-02-27,0,0FM57T2OV5MTHUJY
3,2025-05-20,1,0FM57T2OV5MTHUJY
0,2022-04-21,1,21GK30HW1KG0RVLT
1,2022-06-12,1,21GK30HW1KG0RVLT
2,2022-07-10,1,21GK30HW1KG0RVLT
3,2022-07-26,1,21GK30HW1KG0RVLT
4,2022-08-29,1,21GK30HW1KG0RVLT
5,2022-09-08,1,21GK30HW1KG0RVLT
6,2022-09-19,1,21GK30HW1KG0RVLT
7,2022-09-21,1,21GK30HW1KG0RVLT
8,2022-09-28,0,21GK30HW1KG0RVLT
9,2022-10-10,1,21GK30HW1KG0RVLT
10,2022-10-12,1,21GK30HW1KG0RVLT
11,2022-11-16,1,21GK30HW1KG0RVLT
12,2023-01-11,1,21GK30HW1KG0RVLT
13,2023-02-01,1,21GK30HW1KG0RVLT
14,2023-03-21,1,21GK30HW1KG0RVLT
15,2023-04-14,1,21GK30HW1KG0RVLT
16,2023-04-22,1,21GK30HW1KG0RVLT
17,2023-05-28,1,21GK30HW1KG0RVLT
18,2023-08-15,1,21GK30HW1KG0RVLT
19,2024-01-11,1,21GK30HW1KG0RVLT
20,2024-02-15,1,21GK30HW1KG0RVLT
0,2024-07-29,1,ET01G9WTD1B9XO4H
1,2024-09-10,1,ET01G9WTD1B9XO4H
2,2025-03-06,1,ET01G9WTD1B9XO4H
3,2025-05-17,0,ET01G9WTD1B9XO4H
4,2025-07-28,1,ET01G9WTD1B9XO4H
0,2024-12-11,1,EXOXBGO7TX0G2CS1
1,2025-02-15,1,EXOXBGO7TX0G2CS1
0,2022-05-17,1,CF3TQUZ90T1UA4OM
1,2022-05-28,0,CF3TQUZ90T1UA4OM
2,2022-05-31,1,CF3TQUZ90T1UA4OM
0,2023-10-11,1,SYSPZGJ8UP0GDENM
1,2023-10-13,1,SYSPZGJ8UP0GDENM
2,2023-10-31,0,SYSPZGJ8UP0GDENM
3,2023-11-12,1,SYSPZGJ8UP0GDENM
4,2024-02-25,0,SYSPZGJ8UP0GDENM
5,2024-04-15,1,SYSPZGJ8UP0GDENM
6,2024-04-22,1,SYSPZGJ8UP0GDENM
7,2024-05-10,1,SYSPZGJ8UP0GDENM
8,2024-05-25,1,SYSPZGJ8UP0GDENM
0,2022-08-09,1,P4F95OLUZ9AOQJTB
0,2024-05-01,1,0X6GIPBD1GCP7VZ4
1,2024-06-23,1,0X6GIPBD1GCP7VZ4
2,2024-07-27,1,0X6GIPBD1GCP7VZ4
0,2023-03-09,1,SUETA4ZKVTY4AU3M
0,2025-07-08,1,EMAZLSKCOZ2S6RGH
0,2025-05-06,1,VFCUX4DJPUY4BT91
0,2024-04-05,1,2MUBS0HL1CG0RV6T
1,2024-04-18,1,2MUBS0HL1CG0RV6T
2,2024-06-11,1,2MUBS0HL1CG0RV6T
3,2024-06-13,1,2MUBS0HL1CG0RV6T
4,2024-07-15,1,2MUBS0HL1CG0RV6T
5,2024-08-23,1,2MUBS0HL1CG0RV6T
6,2024-09-13,1,2MUBS0HL1CG0RV6T
7,2024-11-18,0,2MUBS0HL1CG0RV6T
8,2024-12-06,0,2MUBS0HL1CG0RV6T
9,2025-02-16,1,2MUBS0HL1CG0RV6T
10,2025-04-03,1,2MUBS0HL1CG0RV6T
0,2023-02-11,0,GUMQ5J642OHJ59UA
1,2023-07-26,1,GUMQ5J642OHJ59UA
2,2023-09-13,1,GUMQ5J642OHJ59UA
3,2023-11-03,1,GUMQ5J642OHJ59UA
4,2023-11-24,0,GUMQ5J642OHJ59UA
5,2024-01-05,1,GUMQ5J642OHJ59UA
0,2024-05-17,1,245BH4ZFVTY4AUKM
1,2024-06-07,1,245BH4ZFVTY4AUKM
0,2023-12-10,1,PYGXID5VHSRDNZP9
0,2022-02-04,1,GFLA5T2OV4MTHUJY
1,2022-03-01,1,GFLA5T2OV4MTHUJY
2,2022-03-25,1,GFLA5T2OV4MTHUJY
3,2022-03-28,1,GFLA5T2OV4MTHUJY
4,2022-06-05,1,GFLA5T2OV4MTHUJY
5,2022-09-28,0,GFLA5T2OV4MTHUJY
6,2022-11-19,1,GFLA5T2OV4MTHUJY
7,2023-01-04,1,GFLA5T2OV4MTHUJY
8,2023-09-12,1,GFLA5T2OV4MTHUJY
0,2022-12-11,1,S199DGJNUP0GDEIM
1,2023-04-02,1,S199DGJNUP0GDEIM
2,2023-04-19,1,S199DGJNUP0GDEIM
3,2023-05-20,1,S199DGJNUP0GDEIM
4,2023-06-18,1,S199DGJNUP0GDEIM
5,2023-06-28,1,S199DGJNUP0GDEIM
6,2023-09-23,1,S199DGJNUP0GDEIM
7,2023-10-19,1,S199DGJNUP0GDEIM
8,2023-11-05,1,S199DGJNUP0GDEIM
9,2024-01-27,1,S199DGJNUP0GDEIM
10,2024-04-11,1,S199DGJNUP0GDEIM
11,2024-05-30,0,S199DGJNUP0GDEIM
12,2024-06-12,1,S199DGJNUP0GDEIM
0,2023-02-20,1,VTW559WTDJB9XO4H
1,2023-04-13,1,VTW559WTDJB9XO4H
2,2023-06-27,1,VTW559WTDJB9XO4H
3,2023-08-16,1,VTW559WTDJB9XO4H
4,2023-09-24,1,VTW559WTDJB9XO4H
5,2023-11-09,1,VTW559WTDJB9XO4H
6,2024-02-17,0,VTW559WTDJB9XO4H
7,2024-05-18,1,VTW559WTDJB9XO4H
0,2022-06-02,1,VXXH80AZMEG0SP2U
1,2022-08-28,1,VXXH80AZMEG0SP2U
2,2022-09-25,0,VXXH80AZMEG0SP2U
3,2022-10-13,1,VXXH80AZMEG0SP2U
4,2022-11-24,1,VXXH80AZMEG0SP2U
5,2022-12-15,1,VXXH80AZMEG0SP2U
6,2023-01-10,0,VXXH80AZMEG0SP2U
0,2022-10-09,1,G1RCOYEG9DZ74SEA
1,2022-11-05,1,G1RCOYEG9DZ74SEA
2,2022-11-22,1,G1RCOYEG9DZ74SEA
3,2023-02-25,0,G1RCOYEG9DZ74SEA
4,2023-02-28,1,G1RCOYEG9DZ74SEA
5,2023-06-13,1,G1RCOYEG9DZ74SEA
0,2024-11-19,1,PFTFPH390T1UW4OM
0,2022-12-31,1,2YP6MFL61CG0QVWT
1,2023-01-25,1,2YP6MFL61CG0QVWT
2,2023-05-04,0,2YP6MFL61CG0QVWT
3,2023-05-29,0,2YP6MFL61CG0QVWT
4,2023-06-19,1,2YP6MFL61CG0QVWT
5,2023-08-02,1,2YP6MFL61CG0QVWT
6,2023-08-10,1,2YP6MFL61CG0QVWT
7,2023-09-13,1,2YP6MFL61CG0QVWT
8,2023-12-30,1,2YP6MFL61CG0QVWT
9,2024-08-08,1,2YP6MFL61CG0QVWT
10,2024-10-17,0,2YP6MFL61CG0QVWT
11,2024-11-10,0,2YP6MFL61CG0QVWT
12,2024-12-30,0,2YP6MFL61CG0QVWT
0,2023-11-07,0,GXAN4B8RU0PC3E7Y
0,2022-11-01,1,2UNFPQ3KVTY4WU3M
1,2022-12-31,1,2UNFPQ3KVTY4WU3M
0,2023-08-20,1,VMT0HTPPA7S21D0J
1,2023-11-20,1,VMT0HTPPA7S21D0J
2,2023-12-06,1,VMT0HTPPA7S21D0J
3,2024-03-08,1,VMT0HTPPA7S21D0J
4,2024-03-18,0,VMT0HTPPA7S21D0J
5,2024-04-22,1,VMT0HTPPA7S21D0J
0,2022-10-02,1,EF53VAKJPUY46T91
1,2023-06-02,1,EF53VAKJPUY46T91
2,2023-06-08,1,EF53VAKJPUY46T91
3,2023-06-14,1,EF53VAKJPUY46T91
4,2023-07-27,1,EF53VAKJPUY46T91
5,2023-10-23,1,EF53VAKJPUY46T91
6,2023-11-23,1,EF53VAKJPUY46T91
7,2024-01-18,1,EF53VAKJPUY46T91
0,2024-09-29,1,SM21T5IIUP0GKE8M
1,2025-03-09,1,SM21T5IIUP0GKE8M
2,2025-03-24,1,SM21T5IIUP0GKE8M
0,2025-05-27,1,PX8UMJL2YCEVQ0DT
1,2025-06-25,1,PX8UMJL2YCEVQ0DT
2,2025-07-21,1,PX8UMJL2YCEVQ0DT
0,2024-08-09,1,S401PX3FVTY4WUKM
1,2024-08-24,1,S401PX3FVTY4WUKM
2,2024-12-04,1,S401PX3FVTY4WUKM
3,2024-12-26,1,S401PX3FVTY4WUKM
4,2025-01-04,1,S401PX3FVTY4WUKM
5,2025-03-03,1,S401PX3FVTY4WUKM
6,2025-05-10,1,S401PX3FVTY4WUKM
7,2025-07-08,1,S401PX3FVTY4WUKM
8,2025-07-14,1,S401PX3FVTY4WUKM
9,2025-07-26,1,S401PX3FVTY4WUKM
0,2022-10-25,1,CYOH91GEJ2DRT7CB
0,2024-04-13,1,0FPM0BFOV4MTLUJY
1,2024-04-28,0,0FPM0BFOV4MTLUJY
2,2024-05-02,1,0FPM0BFOV4MTLUJY
3,2024-05-06,1,0FPM0BFOV4MTLUJY
4,2024-05-30,1,0FPM0BFOV4MTLUJY
0,2023-09-17,0,21YUMKLW1CG0QVLT
1,2023-09-28,1,21YUMKLW1CG0QVLT
2,2023-12-09,1,21YUMKLW1CG0QVLT
3,2024-01-02,1,21YUMKLW1CG0QVLT
4,2024-06-03,1,21YUMKLW1CG0QVLT
5,2024-09-17,1,21YUMKLW1CG0QVLT
6,2024-11-01,1,21YUMKLW1CG0QVLT
7,2024-11-15,1,21YUMKLW1CG0QVLT
8,2024-12-05,1,21YUMKLW1CG0QVLT
9,2024-12-15,1,21YUMKLW1CG0QVLT
10,2025-03-05,1,21YUMKLW1CG0QVLT
0,2022-05-31,1,ET4AUMTTTJB9VO4H
0,2023-04-27,1,EXRY7AN5SV0GFCS1
1,2023-09-21,1,EXRY7AN5SV0GFCS1
2,2023-11-03,1,EXRY7AN5SV0GFCS1
3,2024-07-31,1,EXRY7AN5SV0GFCS1
4,2024-08-02,1,EXRY7AN5SV0GFCS1
5,2024-09-01,1,EXRY7AN5SV0GFCS1
6,2024-09-26,1,EXRY7AN5SV0GFCS1
7,2024-10-28,1,EXRY7AN5SV0GFCS1
8,2024-11-07,1,EXRY7AN5SV0GFCS1
9,2024-11-23,1,EXRY7AN5SV0GFCS1
10,2024-11-28,1,EXRY7AN5SV0GFCS1
11,2025-04-21,1,EXRY7AN5SV0GFCS1
12,2025-04-25,1,EXRY7AN5SV0GFCS1
13,2025-05-04,1,EXRY7AN5SV0GFCS1
14,2025-05-24,1,EXRY7AN5SV0GFCS1
0,2023-03-08,1,2TFJK53B3TY4WUFM
1,2023-03-25,1,2TFJK53B3TY4WUFM
0,2024-09-06,1,01V8P4V30R7ZY2VO
1,2024-10-25,1,01V8P4V30R7ZY2VO
2,2025-02-01,1,01V8P4V30R7ZY2VO
3,2025-04-24,1,01V8P4V30R7ZY2VO
4,2025-04-29,1,01V8P4V30R7ZY2VO
5,2025-06-17,1,01V8P4V30R7ZY2VO
0,2022-06-29,1,CFIJ9H3XOT1UW4OM
1,2022-07-28,1,CFIJ9H3XOT1UW4OM
2,2022-08-09,1,CFIJ9H3XOT1UW4OM
3,2022-08-28,1,CFIJ9H3XOT1UW4OM
4,2022-10-22,0,CFIJ9H3XOT1UW4OM
5,2022-12-21,1,CFIJ9H3XOT1UW4OM
6,2022-12-30,1,CFIJ9H3XOT1UW4OM
7,2023-01-11,1,CFIJ9H3XOT1UW4OM
8,2023-02-28,1,CFIJ9H3XOT1UW4OM
9,2023-03-02,1,CFIJ9H3XOT1UW4OM
10,2023-03-18,1,CFIJ9H3XOT1UW4OM
11,2023-04-13,1,CFIJ9H3XOT1UW4OM
12,2023-07-14,1,CFIJ9H3XOT1UW4OM
13,2023-08-29,1,CFIJ9H3XOT1UW4OM
14,2023-10-05,1,CFIJ9H3XOT1UW4OM
15,2023-11-17,1,CFIJ9H3XOT1UW4OM
16,2024-02-01,1,CFIJ9H3XOT1UW4OM
17,2024-03-13,1,CFIJ9H3XOT1UW4OM
0,2023-09-03,1,SYBZIXIH8P0GKENM
1,2023-11-06,0,SYBZIXIH8P0GKENM
2,2023-11-24,1,SYBZIXIH8P0GKENM
0,2023-02-06,1,P4834145U9AOPJTB
1,2023-02-14,1,P4834145U9AOPJTB
2,2023-05-24,1,P4834145U9AOPJTB
3,2023-07-07,1,P4834145U9AOPJTB
4,2023-07-24,1,P4834145U9AOPJTB
5,2023-09-08,1,P4834145U9AOPJTB
6,2023-10-29,1,P4834145U9AOPJTB
7,2024-09-08,0,P4834145U9AOPJTB
8,2024-10-03,1,P4834145U9AOPJTB
9,2025-01-01,1,P4834145U9AOPJTB
10,2025-01-08,1,P4834145U9AOPJTB
11,2025-01-10,0,P4834145U9AOPJTB
0,2024-06-16,0,0XFSD96KZGCP5VZ4
0,2023-03-28,1,SU1JFQ3AKTY4WU3M
1,2023-04-23,1,SU1JFQ3AKTY4WU3M
2,2023-05-04,1,SU1JFQ3AKTY4WU3M
3,2023-10-20,1,SU1JFQ3AKTY4WU3M
4,2023-11-16,1,SU1JFQ3AKTY4WU3M
5,2024-01-01,1,SU1JFQ3AKTY4WU3M
6,2024-01-07,1,SU1JFQ3AKTY4WU3M
7,2024-02-09,0,SU1JFQ3AKTY4WU3M
8,2024-03-13,1,SU1JFQ3AKTY4WU3M
9,2024-07-09,1,SU1JFQ3AKTY4WU3M
10,2024-09-27,1,SU1JFQ3AKTY4WU3M
11,2024-10-12,1,SU1JFQ3AKTY4WU3M
0,2023-08-04,1,EMDWEMC5CZ2SURGH
1,2023-08-21,1,EMDWEMC5CZ2SURGH
2,2023-11-28,1,EMDWEMC5CZ2SURGH
3,2023-12-08,1,EMDWEMC5CZ2SURGH
4,2023-12-09,1,EMDWEMC5CZ2SURGH
5,2023-12-14,1,EMDWEMC5CZ2SURGH
6,2024-01-01,0,EMDWEMC5CZ2SURGH
7,2024-04-26,1,EMDWEMC5CZ2SURGH
8,2024-04-27,1,EMDWEMC5CZ2SURGH
9,2024-05-24,1,EMDWEMC5CZ2SURGH
10,2024-08-25,1,EMDWEMC5CZ2SURGH
0,2023-12-07,1,VFMOJKK59UY46T91
1,2024-01-04,0,VFMOJKK59UY46T91
2,2024-01-24,1,VFMOJKK59UY46T91
3,2024-01-27,1,VFMOJKK59UY46T91
4,2024-03-14,1,VFMOJKK59UY46T91
5,2024-03-28,1,VFMOJKK59UY46T91
6,2024-03-29,1,VFMOJKK59UY46T91
7,2024-04-24,1,VFMOJKK59UY46T91
8,2024-11-12,1,VFMOJKK59UY46T91
9,2024-12-23,1,VFMOJKK59UY46T91
10,2024-12-28,1,VFMOJKK59UY46T91
11,2025-01-10,1,VFMOJKK59UY46T91
12,2025-02-16,0,VFMOJKK59UY46T91
13,2025-03-04,1,VFMOJKK59UY46T91
14,2025-03-16,0,VFMOJKK59UY46T91
15,2025-04-18,0,VFMOJKK59UY46T91
0,2024-12-11,1,2ME5W7L9LCG0QV6T
1,2025-06-18,1,2ME5W7L9LCG0QV6T
2,2025-07-31,0,2ME5W7L9LCG0QV6T
0,2022-03-24,1,GUP1TKU54OHJ09UA
1,2022-10-22,1,GUP1TKU54OHJ09UA
2,2022-11-23,1,GUP1TKU54OHJ09UA
3,2023-02-08,1,GUP1TKU54OHJ09UA
4,2023-08-17,1,GUP1TKU54OHJ09UA
5,2023-11-08,0,GUP1TKU54OHJ09UA
6,2023-12-18,0,GUP1TKU54OHJ09UA
7,2024-01-22,1,GUP1TKU54OHJ09UA
8,2024-02-25,1,GUP1TKU54OHJ09UA
9,2024-03-06,1,GUP1TKU54OHJ09UA
10,2024-03-14,1,GUP1TKU54OHJ09UA
0,2025-02-06,1,CXO3SLIXRPVEKGRM
0,2024-11-17,0,24L53O3HFTY4WUKM
0,2024-07-08,1,PYYY0N03VSRDMZP9
1,2025-02-02,1,PYYY0N03VSRDMZP9
2,2025-05-02,1,PYYY0N03VSRDMZP9
3,2025-06-06,0,PYYY0N03VSRDMZP9
0,2022-12-26,0,GF3XNFFQJ4MTLUJY
1,2023-03-13,1,GF3XNFFQJ4MTLUJY
2,2023-03-31,1,GF3XNFFQJ4MTLUJY
0,2025-04-28,1,S1S3H2IANP0GKEIM
1,2025-05-17,1,S1S3H2IANP0GKEIM
2,2025-07-15,1,S1S3H2IANP0GKEIM
0,2024-08-20,0,VTKM8KT5TJB9VO4H
1,2024-10-02,1,VTKM8KT5TJB9VO4H
2,2025-02-04,1,VTKM8KT5TJB9VO4H
3,2025-05-01,0,VTKM8KT5TJB9VO4H
4,2025-06-13,1,VTKM8KT5TJB9VO4H
0,2024-08-23,1,VX6Q3NW32EG0XP2U
1,2024-12-28,1,VX6Q3NW32EG0XP2U
2,2025-01-01,0,VX6Q3NW32EG0XP2U
3,2025-05-19,1,VX6Q3NW32EG0XP2U
4,2025-06-30,1,VX6Q3NW32EG0XP2U
5,2025-07-29,1,VX6Q3NW32EG0XP2U
0,2024-04-19,0,STC4RJGB3TY4WUFM
0,2024-01-30,1,G1A7XWH5GDZ74SEA
0,2023-05-07,1,PFC483GXOT1UW4OM
0,2023-06-01,1,2YT09R4J6CG0QVWT
1,2023-06-19,1,2YT09R4J6CG0QVWT
2,2023-06-24,1,2YT09R4J6CG0QVWT
3,2023-07-19,1,2YT09R4J6CG0QVWT
4,2023-08-24,1,2YT09R4J6CG0QVWT
5,2023-09-18,1,2YT09R4J6CG0QVWT
6,2023-09-21,1,2YT09R4J6CG0QVWT
7,2023-09-26,1,2YT09R4J6CG0QVWT
8,2023-10-31,1,2YT09R4J6CG0QVWT
0,2024-12-30,1,C41O8KR5U9AOPJTB
1,2025-01-29,1,C41O8KR5U9AOPJTB
2,2025-03-12,1,C41O8KR5U9AOPJTB
3,2025-04-11,1,C41O8KR5U9AOPJTB
4,2025-07-04,1,C41O8KR5U9AOPJTB
5,2025-07-11,0,C41O8KR5U9AOPJTB
0,2024-01-25,1,GXDEQ61Q70PC3E7Y
1,2024-03-21,1,GXDEQ61Q70PC3E7Y
2,2024-04-09,1,GXDEQ61Q70PC3E7Y
0,2023-01-15,1,2UQ479GAKTY4WU3M
1,2023-07-29,1,2UQ479GAKTY4WU3M
2,2023-08-15,1,2UQ479GAKTY4WU3M
3,2023-09-29,1,2UQ479GAKTY4WU3M
4,2023-10-28,1,2UQ479GAKTY4WU3M
5,2023-11-27,1,2UQ479GAKTY4WU3M
6,2023-12-27,1,2UQ479GAKTY4WU3M
0,2023-07-10,1,VMC2FN93P7S21D0J
0,2022-02-26,1,EFLTIKC59UY46T91
1,2022-04-26,1,EFLTIKC59UY46T91
2,2022-06-21,1,EFLTIKC59UY46T91
3,2022-07-05,1,EFLTIKC59UY46T91
4,2022-07-13,1,EFLTIKC59UY46T91
5,2022-07-23,1,EFLTIKC59UY46T91
6,2022-08-07,1,EFLTIKC59UY46T91
7,2022-08-27,1,EFLTIKC59UY46T91
8,2023-03-25,0,EFLTIKC59UY46T91
9,2023-04-13,1,EFLTIKC59UY46T91
10,2023-04-15,1,EFLTIKC59UY46T91
11,2023-05-08,1,EFLTIKC59UY46T91
12,2023-06-26,1,EFLTIKC59UY46T91
13,2023-07-28,1,EFLTIKC59UY46T91
14,2023-09-09,1,EFLTIKC59UY46T91
15,2023-11-28,1,EFLTIKC59UY46T91
16,2023-12-26,1,EFLTIKC59UY46T91
17,2024-03-30,1,EFLTIKC59UY46T91
18,2024-04-01,1,EFLTIKC59UY46T91
19,2024-04-05,1,EFLTIKC59UY46T91
0,2023-11-11,1,SM9AAZYBIP0GKE8M
1,2023-12-17,1,SM9AAZYBIP0GKE8M
2,2024-02-23,1,SM9AAZYBIP0GKE8M
3,2024-05-17,1,SM9AAZYBIP0GKE8M
4,2024-10-18,1,SM9AAZYBIP0GKE8M
5,2024-10-29,1,SM9AAZYBIP0GKE8M
6,2024-10-30,1,SM9AAZYBIP0GKE8M
7,2024-12-18,1,SM9AAZYBIP0GKE8M
8,2025-01-13,1,SM9AAZYBIP0GKE8M
9,2025-01-20,1,SM9AAZYBIP0GKE8M
0,2024-01-27,1,0UL58K754OHJ09UA
0,2024-06-28,1,PXXOFI4FDCEVQ0DT
1,2024-06-29,1,PXXOFI4FDCEVQ0DT
2,2024-09-29,0,PXXOFI4FDCEVQ0DT
3,2025-01-26,1,PXXOFI4FDCEVQ0DT
4,2025-02-07,1,PXXOFI4FDCEVQ0DT
5,2025-03-24,1,PXXOFI4FDCEVQ0DT
6,2025-07-06,1,PXXOFI4FDCEVQ0DT
0,2025-04-11,1,S44AYOGHFTY4WUKM
0,2023-12-17,0,CYRQDWA5E2DRT7CB
0,2022-11-28,1,EXAB0TM5SV0GFCS1
1,2022-12-16,1,EXAB0TM5SV0GFCS1
2,2023-02-16,1,EXAB0TM5SV0GFCS1
0,2022-09-19,1,2T8KY1GB3TY4WUFM
1,2022-09-21,1,2T8KY1GB3TY4WUFM
2,2023-02-01,1,2T8KY1GB3TY4WUFM
3,2023-03-03,1,2T8KY1GB3TY4WUFM
4,2023-03-14,1,2T8KY1GB3TY4WUFM
5,2023-04-13,1,2T8KY1GB3TY4WUFM
6,2023-05-20,1,2T8KY1GB3TY4WUFM
7,2023-07-28,1,2T8KY1GB3TY4WUFM
8,2023-09-15,1,2T8KY1GB3TY4WUFM
9,2023-11-08,1,2T8KY1GB3TY4WUFM
10,2024-03-01,1,2T8KY1GB3TY4WUFM
11,2024-03-02,1,2T8KY1GB3TY4WUFM
12,2024-05-15,1,2T8KY1GB3TY4WUFM
13,2024-05-17,1,2T8KY1GB3TY4WUFM
14,2024-09-10,1,2T8KY1GB3TY4WUFM
0,2024-08-20,1,01UG7BJ30R7ZY2VO
1,2024-11-27,1,01UG7BJ30R7ZY2VO
2,2024-11-29,1,01UG7BJ30R7ZY2VO
3,2024-12-15,0,01UG7BJ30R7ZY2VO
4,2024-12-17,0,01UG7BJ30R7ZY2VO
5,2025-01-06,1,01UG7BJ30R7ZY2VO
0,2023-05-27,0,CF5K1YGXOT1UW4OM
0,2025-05-12,0,SY2W0UYH8P0GKENM
0,2022-03-30,1,P4XTAHR5U9AOPJTB
1,2022-04-21,1,P4XTAHR5U9AOPJTB
2,2022-04-27,1,P4XTAHR5U9AOPJTB
3,2022-05-31,1,P4XTAHR5U9AOPJTB
4,2022-06-08,1,P4XTAHR5U9AOPJTB
0,2025-02-01,1,0X8IC1UKZGCP5VZ4
1,2025-06-15,1,0X8IC1UKZGCP5VZ4
0,2023-08-23,1,SUVKY1GAKTY4WU3M
1,2023-08-30,1,SUVKY1GAKTY4WU3M
0,2024-11-02,1,EMOV2OB5CZ2YURGH
1,2024-12-27,0,EMOV2OB5CZ2YURGH
2,2025-01-05,1,EMOV2OB5CZ2YURGH
3,2025-02-26,1,EMOV2OB5CZ2YURGH
4,2025-03-02,1,EMOV2OB5CZ2YURGH
5,2025-05-25,1,EMOV2OB5CZ2YURGH
6,2025-07-27,1,EMOV2OB5CZ2YURGH
0,2024-01-14,1,VFPFYMC59UYA6T91
1,2024-02-08,1,VFPFYMC59UYA6T91
2,2024-04-12,1,VFPFYMC59UYA6T91
3,2024-06-09,1,VFPFYMC59UYA6T91
4,2024-06-27,0,VFPFYMC59UYA6T91
5,2024-07-17,1,VFPFYMC59UYA6T91
6,2024-10-24,1,VFPFYMC59UYA6T91
0,2023-06-30,0,2M1MG149LBGFQV6T
1,2023-07-26,0,2M1MG149LBGFQV6T
2,2023-08-10,1,2M1MG149LBGFQV6T
3,2023-10-03,1,2M1MG149LBGFQV6T
4,2024-02-15,1,2M1MG149LBGFQV6T
5,2024-08-12,1,2M1MG149LBGFQV6T
0,2023-03-19,1,GUTA0B754QH109UA
1,2023-03-28,1,GUTA0B754QH109UA
2,2023-05-09,0,GUTA0B754QH109UA
3,2023-05-13,1,GUTA0B754QH109UA
4,2023-11-15,1,GUTA0B754QH109UA
0,2022-06-05,1,CXRTJ4YXR9VHKGRM
1,2022-12-29,1,CXRTJ4YXR9VHKGRM
2,2023-01-08,1,CXRTJ4YXR9VHKGRM
3,2023-02-04,1,CXRTJ4YXR9VHKGRM
4,2023-05-02,0,CXRTJ4YXR9VHKGRM
5,2023-10-01,1,CXRTJ4YXR9VHKGRM
6,2023-12-12,1,CXRTJ4YXR9VHKGRM
7,2024-06-04,1,CXRTJ4YXR9VHKGRM
8,2024-08-23,1,CXRTJ4YXR9VHKGRM
9,2024-10-09,1,CXRTJ4YXR9VHKGRM
0,2023-05-04,1,243M61G4FBYQWUKM
1,2023-05-20,1,243M61G4FBYQWUKM
2,2023-07-18,1,243M61G4FBYQWUKM
3,2023-11-13,1,243M61G4FBYQWUKM
4,2023-12-05,1,243M61G4FBYQWUKM
0,2024-03-06,1,PY0B1HORVXRTMZP9
1,2024-04-10,1,PY0B1HORVXRTMZP9
2,2024-06-18,1,PY0B1HORVXRTMZP9
3,2024-09-22,1,PY0B1HORVXRTMZP9
4,2025-01-09,1,PY0B1HORVXRTMZP9
5,2025-03-01,1,PY0B1HORVXRTMZP9
6,2025-03-09,1,PY0B1HORVXRTMZP9
7,2025-03-13,1,PY0B1HORVXRTMZP9
8,2025-05-09,1,PY0B1HORVXRTMZP9
9,2025-06-20,1,PY0B1HORVXRTMZP9
0,2024-01-11,1,GFIY21ETJAMBLUJY
0,2022-08-14,1,S1BTKUY0N905KEIM
1,2022-12-03,1,S1BTKUY0N905KEIM
2,2022-12-27,0,S1BTKUY0N905KEIM
3,2023-03-01,1,S1BTKUY0N905KEIM
4,2023-05-12,1,S1BTKUY0N905KEIM
5,2023-09-26,1,S1BTKUY0N905KEIM
6,2023-10-13,1,S1BTKUY0N905KEIM
7,2023-11-08,1,S1BTKUY0N905KEIM
8,2023-12-15,1,S1BTKUY0N905KEIM
9,2024-02-23,1,S1BTKUY0N905KEIM
10,2024-04-29,1,S1BTKUY0N905KEIM
11,2024-07-20,0,S1BTKUY0N905KEIM
12,2024-12-07,1,S1BTKUY0N905KEIM
0,2025-02-17,1,VTNHPAS9T5BYVO4H
1,2025-04-16,1,VTNHPAS9T5BYVO4H
2,2025-07-01,1,VTNHPAS9T5BYVO4H
3,2025-07-13,1,VTNHPAS9T5BYVO4H
0,2024-07-06,1,VXF1AMTG2HGOXP2U
1,2024-10-05,0,VXF1AMTG2HGOXP2U
2,2024-11-16,1,VXF1AMTG2HGOXP2U
3,2024-12-17,1,VXF1AMTG2HGOXP2U
4,2025-01-30,1,VXF1AMTG2HGOXP2U
5,2025-04-26,1,VXF1AMTG2HGOXP2U
6,2025-05-12,1,VXF1AMTG2HGOXP2U
7,2025-06-12,1,VXF1AMTG2HGOXP2U
0,2024-11-09,1,G1DN49LZGKZ14SEA
1,2025-01-03,1,G1DN49LZGKZ14SEA
2,2025-03-14,1,G1DN49LZGKZ14SEA
0,2022-12-13,1,PFM9ZYAUOB1HW4OM
0,2024-01-29,1,2YC2X1RG6BGKQVWT
0,2024-09-21,1,C4VFVTQOUX0MPJTB
1,2024-10-05,1,C4VFVTQOUX0MPJTB
2,2024-10-10,1,C4VFVTQOUX0MPJTB
3,2024-10-27,1,C4VFVTQOUX0MPJTB
4,2025-01-02,1,C4VFVTQOUX0MPJTB
5,2025-03-26,1,C4VFVTQOUX0MPJTB
6,2025-03-29,1,C4VFVTQOUX0MPJTB
7,2025-07-16,1,C4VFVTQOUX0MPJTB
8,2025-07-26,1,C4VFVTQOUX0MPJTB
0,2023-06-28,0,GXOR97ZP7O9B3E7Y
1,2023-08-21,0,GXOR97ZP7O9B3E7Y
0,2024-04-06,1,2UW9W3A4KB65WU3M
1,2024-04-24,1,2UW9W3A4KB65WU3M
2,2024-04-30,1,2UW9W3A4KB65WU3M
3,2024-05-21,1,2UW9W3A4KB65WU3M
4,2024-07-18,1,2UW9W3A4KB65WU3M
5,2024-09-01,1,2UW9W3A4KB65WU3M
6,2024-12-02,1,2UW9W3A4KB65WU3M
7,2025-04-14,1,2UW9W3A4KB65WU3M
8,2025-04-22,1,2UW9W3A4KB65WU3M
9,2025-07-17,1,2UW9W3A4KB65WU3M
0,2025-01-26,1,EF3JK9B48HDA6T91
1,2025-02-15,1,EF3JK9B48HDA6T91
0,2023-01-21,0,SMSX78D0A9KXKE8M
0,2023-09-25,1,0U3MKU5J8QP109UA
0,2023-12-31,1,PX6FLDREKBHJQ0DT
1,2024-04-09,1,PX6FLDREKBHJQ0DT
2,2024-05-30,1,PX6FLDREKBHJQ0DT
3,2024-07-26,1,PX6FLDREKBHJQ0DT
4,2024-09-20,0,PX6FLDREKBHJQ0DT
5,2024-10-15,0,PX6FLDREKBHJQ0DT
6,2024-11-12,0,PX6FLDREKBHJQ0DT
7,2024-12-07,1,PX6FLDREKBHJQ0DT
0,2022-12-02,0,S4GXOKA4SBLQWUKM
1,2023-03-12,0,S4GXOKA4SBLQWUKM
2,2023-06-19,1,S4GXOKA4SBLQWUKM
3,2024-03-19,0,S4GXOKA4SBLQWUKM
0,2023-11-10,0,0FCQFJHTIA2BLHJY
1,2023-11-21,1,0FCQFJHTIA2BLHJY
2,2023-12-06,1,0FCQFJHTIA2BLHJY
0,2022-05-24,0,214F2LRGJBX3Q3LT
0,2025-06-04,1,ETYYK4X985VYVY4H
0,2023-12-10,1,EXD5NS20XJOAFBS1
1,2024-02-12,1,EXD5NS20XJOAFBS1
2,2024-02-25,1,EXD5NS20XJOAFBS1
3,2024-04-12,1,EXD5NS20XJOAFBS1
4,2024-10-05,1,EXD5NS20XJOAFBS1
5,2024-12-05,1,EXD5NS20XJOAFBS1
0,2023-10-16,1,01ESWVI7FQMUYUVO
1,2024-01-14,1,01ESWVI7FQMUYUVO
2,2024-01-16,1,01ESWVI7FQMUYUVO
3,2024-04-18,1,01ESWVI7FQMUYUVO
4,2024-05-24,1,01ESWVI7FQMUYUVO
5,2024-05-27,1,01ESWVI7FQMUYUVO
6,2024-06-13,1,01ESWVI7FQMUYUVO
7,2024-07-09,1,01ESWVI7FQMUYUVO
8,2024-07-16,1,01ESWVI7FQMUYUVO
9,2024-09-16,0,01ESWVI7FQMUYUVO
10,2024-12-27,0,01ESWVI7FQMUYUVO
11,2025-02-22,1,01ESWVI7FQMUYUVO
12,2025-05-18,1,01ESWVI7FQMUYUVO
13,2025-07-13,1,01ESWVI7FQMUYUVO
0,2024-05-27,0,SY9VRND0B93QKQNM
1,2024-06-21,1,SY9VRND0B93QKQNM
2,2024-07-31,0,SY9VRND0B93QKQNM
3,2024-09-02,0,SY9VRND0B93QKQNM
4,2024-09-15,1,SY9VRND0B93QKQNM
0,2025-07-06,0,P46JKTQO8X0MPMTB
1,2025-07-16,0,P46JKTQO8X0MPMTB
0,2023-10-28,0,0XXC6Z7C3AB95JZ4
1,2023-11-18,1,0XXC6Z7C3AB95JZ4
2,2023-11-28,1,0XXC6Z7C3AB95JZ4
3,2024-02-16,1,0XXC6Z7C3AB95JZ4
4,2024-03-11,0,0XXC6Z7C3AB95JZ4
5,2024-04-03,1,0XXC6Z7C3AB95JZ4
6,2024-05-27,1,0XXC6Z7C3AB95JZ4
7,2025-03-22,1,0XXC6Z7C3AB95JZ4
8,2025-03-25,1,0XXC6Z7C3AB95JZ4
0,2022-06-25,0,SUUUE3A47B65W53M
1,2022-09-24,1,SUUUE3A47B65W53M
2,2023-02-28,1,SUUUE3A47B65W53M
3,2023-05-23,0,SUUUE3A47B65W53M
4,2023-07-16,1,SUUUE3A47B65W53M
5,2023-07-19,1,SUUUE3A47B65W53M
6,2023-07-27,1,SUUUE3A47B65W53M
7,2023-09-15,1,SUUUE3A47B65W53M
8,2023-12-24,1,SUUUE3A47B65W53M
9,2024-02-06,1,SUUUE3A47B65W53M
10,2024-06-29,1,SUUUE3A47B65W53M
11,2024-09-03,1,SUUUE3A47B65W53M
0,2025-01-22,1,EMRDAG62X3UYUYGH
1,2025-04-03,1,EMRDAG62X3UYUYGH
2,2025-04-30,1,EMRDAG62X3UYUYGH
3,2025-05-24,1,EMRDAG62X3UYUYGH
0,2023-07-03,1,VFT4C9B48HDA6B91
0,2025-06-09,1,2MVHU6RGOBQFQF6T
0,2024-10-03,1,GUCXSU5J8QP101UA
1,2024-11-29,1,GUCXSU5J8QP101UA
2,2024-12-01,1,GUCXSU5J8QP101UA
0,2023-01-01,1,CXAJYQDVQ9JHKARM
1,2023-05-03,1,CXAJYQDVQ9JHKARM
2,2023-05-06,1,CXAJYQDVQ9JHKARM
3,2023-07-17,1,CXAJYQDVQ9JHKARM
4,2023-08-08,1,CXAJYQDVQ9JHKARM
5,2023-08-24,1,CXAJYQDVQ9JHKARM
6,2024-01-03,1,CXAJYQDVQ9JHKARM
0,2024-07-14,1,24IHEHA4SBLQWQKM
1,2025-01-13,1,24IHEHA4SBLQWQKM
2,2025-02-02,1,24IHEHA4SBLQWQKM
3,2025-07-18,1,24IHEHA4SBLQWQKM
0,2024-12-12,1,PY45J3NRFXYTMTP9
1,2025-01-12,0,PY45J3NRFXYTMTP9
2,2025-06-22,1,PY45J3NRFXYTMTP9
0,2024-02-02,1,GF5BE5HTIA2BLHJY
1,2024-04-17,0,GF5BE5HTIA2BLHJY
2,2024-09-14,0,GF5BE5HTIA2BLHJY
0,2022-04-14,1,S12J1AD0H9F5K5IM
1,2022-04-24,1,S12J1AD0H9F5K5IM
2,2022-06-12,1,S12J1AD0H9F5K5IM
3,2022-07-15,1,S12J1AD0H9F5K5IM
4,2022-08-10,1,S12J1AD0H9F5K5IM
5,2022-08-27,1,S12J1AD0H9F5K5IM
6,2022-09-27,1,S12J1AD0H9F5K5IM
7,2022-10-30,1,S12J1AD0H9F5K5IM
8,2022-12-16,1,S12J1AD0H9F5K5IM
9,2023-03-04,1,S12J1AD0H9F5K5IM
10,2023-03-23,1,S12J1AD0H9F5K5IM
11,2023-05-11,0,S12J1AD0H9F5K5IM
12,2023-06-14,0,S12J1AD0H9F5K5IM
13,2023-06-19,1,S12J1AD0H9F5K5IM
14,2023-08-17,1,S12J1AD0H9F5K5IM
15,2024-01-04,1,S12J1AD0H9F5K5IM
16,2024-06-08,1,S12J1AD0H9F5K5IM
0,2023-05-21,1,VTQQR5X985VYVY4H
1,2023-06-26,1,VTQQR5X985VYVY4H
2,2023-08-15,1,VTQQR5X985VYVY4H
3,2023-10-30,0,VTQQR5X985VYVY4H
4,2023-11-06,0,VTQQR5X985VYVY4H
5,2023-12-09,1,VTQQR5X985VYVY4H
6,2024-02-28,1,VTQQR5X985VYVY4H
7,2024-06-12,1,VTQQR5X985VYVY4H
8,2024-11-07,1,VTQQR5X985VYVY4H
9,2024-12-13,1,VTQQR5X985VYVY4H
10,2025-02-08,1,VTQQR5X985VYVY4H
11,2025-04-11,1,VTQQR5X985VYVY4H
12,2025-05-03,1,VTQQR5X985VYVY4H
13,2025-07-04,1,VTQQR5X985VYVY4H
0,2024-08-29,1,VX8ATFSGFHAOX92U
1,2024-09-06,0,VX8ATFSGFHAOX92U
2,2024-10-22,1,VX8ATFSGFHAOX92U
3,2024-10-26,1,VX8ATFSGFHAOX92U
4,2024-11-22,1,VX8ATFSGFHAOX92U
5,2025-04-08,1,VX8ATFSGFHAOX92U
6,2025-05-28,0,VX8ATFSGFHAOX92U
7,2025-06-10,1,VX8ATFSGFHAOX92U
0,2024-05-04,1,STP3EBW4RBWXWXFM
0,2023-07-17,1,G1OEB54ZXKT141EA
1,2023-12-01,1,G1OEB54ZXKT141EA
2,2024-05-20,0,G1OEB54ZXKT141EA
3,2024-07-29,1,G1OEB54ZXKT141EA
4,2024-10-03,1,G1OEB54ZXKT141EA
5,2025-01-14,1,G1OEB54ZXKT141EA
0,2025-07-22,1,PFP3GQWUNBZHWAOM
0,2022-12-02,1,2YMLUJQG9B5KQKWT
1,2023-01-17,1,2YMLUJQG9B5KQKWT
2,2023-05-05,1,2YMLUJQG9B5KQKWT
3,2023-05-13,1,2YMLUJQG9B5KQKWT
4,2023-05-30,1,2YMLUJQG9B5KQKWT
5,2023-07-02,1,2YMLUJQG9B5KQKWT
6,2023-07-15,0,2YMLUJQG9B5KQKWT
7,2023-09-07,0,2YMLUJQG9B5KQKWT
8,2023-11-02,1,2YMLUJQG9B5KQKWT
9,2023-11-25,1,2YMLUJQG9B5KQKWT
10,2023-12-19,1,2YMLUJQG9B5KQKWT
11,2024-01-08,1,2YMLUJQG9B5KQKWT
12,2024-01-11,1,2YMLUJQG9B5KQKWT
13,2024-02-11,0,2YMLUJQG9B5KQKWT
0,2024-07-25,1,GXR8Z53P5O9B3H7Y
1,2024-07-28,1,GXR8Z53P5O9B3H7Y
2,2024-10-22,1,GXR8Z53P5O9B3H7Y
3,2024-11-26,1,GXR8Z53P5O9B3H7Y
4,2025-01-08,1,GXR8Z53P5O9B3H7Y
5,2025-03-21,1,GXR8Z53P5O9B3H7Y
6,2025-03-25,1,GXR8Z53P5O9B3H7Y
7,2025-04-29,1,GXR8Z53P5O9B3H7Y
8,2025-07-20,1,GXR8Z53P5O9B3H7Y
0,2022-08-05,1,2UK35AW47B65W53M
0,2025-05-13,1,VMPPG31YF514140J
1,2025-06-17,1,VMPPG31YF514140J
2,2025-06-19,1,VMPPG31YF514140J
0,2025-05-21,1,PXF4RKQHKBHJQODT
1,2025-06-21,1,PXF4RKQHKBHJQODT
0,2025-06-15,1,CYDAP5TTXF4MTMCB
1,2025-06-22,1,CYDAP5TTXF4MTMCB
2,2025-07-20,1,CYDAP5TTXF4MTMCB
0,2024-10-31,1,0FM1H5LBIA2BLHJY
1,2024-11-12,0,0FM1H5LBIA2BLHJY
0,2025-07-03,1,21G4IOQ5JBX3Q3LT
1,2025-07-28,1,21G4IOQ5JBX3Q3LT
0,2025-02-07,1,ET0BY5VY85VYVY4H
1,2025-03-19,0,ET0BY5VY85VYVY4H
2,2025-06-24,0,ET0BY5VY85VYVY4H
3,2025-07-18,1,ET0BY5VY85VYVY4H
0,2023-12-14,1,EXOM2XFOXJOAFBS1
0,2022-12-20,0,011IERY1FQMUYUVN
1,2023-04-11,1,011IERY1FQMUYUVN
2,2023-06-27,1,011IERY1FQMUYUVN
0,2023-03-10,1,CF3OWTWHNBZHWAO9
1,2023-05-08,0,CF3OWTWHNBZHWAO9
2,2023-05-23,1,CF3OWTWHNBZHWAO9
3,2023-05-25,0,CF3OWTWHNBZHWAO9
4,2023-06-08,1,CF3OWTWHNBZHWAO9
5,2023-06-11,1,CF3OWTWHNBZHWAO9
6,2023-07-31,1,CF3OWTWHNBZHWAO9
7,2023-09-18,1,CF3OWTWHNBZHWAO9
8,2023-10-04,1,CF3OWTWHNBZHWAO9
9,2023-10-18,1,CF3OWTWHNBZHWAO9
10,2023-11-05,1,CF3OWTWHNBZHWAO9
11,2023-12-13,1,CF3OWTWHNBZHWAO9
12,2023-12-28,1,CF3OWTWHNBZHWAO9
0,2023-10-22,1,SYSDJPKKB93QKQN2
0,2023-05-12,1,P4FKL9PM8X0MPMTF
0,2023-12-05,0,0X675G5B3AB95JZR
1,2023-12-17,1,0X675G5B3AB95JZR
2,2023-12-23,1,0X675G5B3AB95JZR
3,2024-03-23,0,0X675G5B3AB95JZR
4,2024-03-27,1,0X675G5B3AB95JZR
5,2024-04-27,0,0X675G5B3AB95JZR
6,2024-12-08,0,0X675G5B3AB95JZR
7,2024-12-21,1,0X675G5B3AB95JZR
8,2025-01-02,1,0X675G5B3AB95JZR
0,2023-12-23,1,SUEODTW57B65W539
1,2023-12-29,1,SUEODTW57B65W539
2,2024-02-24,1,SUEODTW57B65W539
3,2024-08-16,1,SUEODTW57B65W539
4,2024-08-23,1,SUEODTW57B65W539
5,2024-09-25,0,SUEODTW57B65W539
6,2024-10-08,1,SUEODTW57B65W539
7,2024-11-26,1,SUEODTW57B65W539
0,2022-07-18,1,EMA63ZU4X3UYUYGL
1,2022-11-09,1,EMA63ZU4X3UYUYGL
2,2023-01-03,1,EMA63ZU4X3UYUYGL
3,2023-01-07,1,EMA63ZU4X3UYUYGL
4,2023-02-23,1,EMA63ZU4X3UYUYGL
5,2023-04-23,1,EMA63ZU4X3UYUYGL
6,2023-04-27,1,EMA63ZU4X3UYUYGL
7,2023-06-09,1,EMA63ZU4X3UYUYGL
8,2023-07-05,1,EMA63ZU4X3UYUYGL
9,2023-07-31,1,EMA63ZU4X3UYUYGL
10,2023-08-05,1,EMA63ZU4X3UYUYGL
11,2023-10-20,0,EMA63ZU4X3UYUYGL
12,2023-11-05,1,EMA63ZU4X3UYUYGL
13,2023-12-06,0,EMA63ZU4X3UYUYGL
0,2022-08-23,0,VFC96U6A8HDA6B9J
1,2022-10-26,1,VFC96U6A8HDA6B9J
2,2022-11-05,1,VFC96U6A8HDA6B9J
3,2023-04-03,1,VFC96U6A8HDA6B9J
4,2023-06-04,1,VFC96U6A8HDA6B9J
0,2023-07-01,1,2MUQBCQXOBQFQF6S
1,2023-08-11,1,2MUQBCQXOBQFQF6S
2,2023-08-18,1,2MUQBCQXOBQFQF6S
0,2025-01-04,1,GUMYLO018QP101UK
1,2025-01-14,1,GUMYLO018QP101UK
2,2025-02-05,1,GUMYLO018QP101UK
3,2025-03-23,1,GUMYLO018QP101UK
0,2022-04-03,0,CXDKKPKJQ9JHKAR2
1,2022-04-12,1,CXDKKPKJQ9JHKAR2
2,2022-04-16,1,CXDKKPKJQ9JHKAR2
0,2024-08-18,0,245QZTWQSBLQWQK9
1,2024-10-11,1,245QZTWQSBLQWQK9
2,2025-01-07,1,245QZTWQSBLQWQK9
3,2025-02-08,1,245QZTWQSBLQWQK9
4,2025-04-29,1,245QZTWQSBLQWQK9
0,2024-05-11,1,PYGM5SMMFXYTMTP8
1,2024-10-05,1,PYGM5SMMFXYTMTP8
2,2024-10-14,1,PYGM5SMMFXYTMTP8
3,2024-10-23,1,PYGM5SMMFXYTMTP8
4,2024-11-30,1,PYGM5SMMFXYTMTP8
5,2025-05-04,1,PYGM5SMMFXYTMTP8
6,2025-06-07,1,PYGM5SMMFXYTMTP8
0,2022-07-11,1,GFL5L4LBIA2BLHJO
1,2022-07-25,1,GFL5L4LBIA2BLHJO
2,2022-12-18,1,GFL5L4LBIA2BLHJO
3,2023-05-14,1,GFL5L4LBIA2BLHJO
0,2022-11-19,0,S19KOPK3H9F5K5I2
1,2022-12-14,1,S19KOPK3H9F5K5I2
0,2024-04-02,1,VTW1LJVY85VYVY43
1,2024-05-31,0,VTW1LJVY85VYVY43
2,2024-08-22,1,VTW1LJVY85VYVY43
0,2024-11-17,1,VXXXXEXAFHAOX927
1,2024-12-01,1,VXXXXEXAFHAOX927
0,2023-08-15,1,STTTTTTXMFWXTXF9
0,2025-03-28,0,G1RRRDRUDCT1R1EW
1,2025-07-17,1,G1RRRDRUDCT1R1EW
2,2025-07-29,0,G1RRRDRUDCT1R1EW
0,2022-12-18,1,PFTTTTTHMFZHTAO9
1,2023-03-15,1,PFTTTTTHMFZHTAO9
2,2023-04-21,0,PFTTTTTHMFZHTAO9
3,2023-05-16,1,PFTTTTTHMFZHTAO9
4,2023-08-05,1,PFTTTTTHMFZHTAO9
5,2023-09-24,1,PFTTTTTHMFZHTAO9
6,2023-10-18,1,PFTTTTTHMFZHTAO9
0,2022-04-25,0,2YPPPCPQC65KPKWS
1,2022-08-08,1,2YPPPCPQC65KPKWS
2,2022-08-10,1,2YPPPCPQC65KPKWS
3,2022-09-19,1,2YPPPCPQC65KPKWS
4,2022-10-27,1,2YPPPCPQC65KPKWS
0,2023-09-19,1,C4E9999MBU0M9MTF
1,2023-11-03,1,C4E9999MBU0M9MTF
2,2023-11-10,1,C4E9999MBU0M9MTF
3,2024-02-18,1,C4E9999MBU0M9MTF
0,2024-12-11,1,GXAGG0G90N9BGH7D
1,2024-12-22,1,GXAGG0G90N9BGH7D
2,2025-01-05,1,GXAGG0G90N9BGH7D
3,2025-03-22,1,GXAGG0G90N9BGH7D
4,2025-03-30,1,GXAGG0G90N9BGH7D
5,2025-06-01,1,GXAGG0G90N9BGH7D
0,2023-10-09,1,2UNTTTT5MF65T539
1,2024-07-03,1,2UNTTTT5MF65T539
2,2024-07-10,1,2UNTTTT5MF65T539
3,2024-08-17,1,2UNTTTT5MF65T539
4,2024-12-16,1,2UNTTTT5MF65T539
5,2024-12-18,1,2UNTTTT5MF65T539
6,2025-01-30,0,2UNTTTT5MF65T539
7,2025-03-09,1,2UNTTTT5MF65T539
8,2025-04-19,0,2UNTTTT5MF65T539
9,2025-05-03,1,2UNTTTT5MF65T539
10,2025-05-24,1,2UNTTTT5MF65T539
0,2023-11-26,1,VMTZZ1ZY7014Z40I
1,2024-02-13,1,VMTZZ1ZY7014Z40I
2,2024-06-09,1,VMTZZ1ZY7014Z40I
3,2024-12-06,1,VMTZZ1ZY7014Z40I
4,2025-01-16,1,VMTZZ1ZY7014Z40I
5,2025-01-18,1,VMTZZ1ZY7014Z40I
6,2025-03-04,1,VMTZZ1ZY7014Z40I
7,2025-03-25,0,VMTZZ1ZY7014Z40I
8,2025-07-28,1,VMTZZ1ZY7014Z40I
0,2025-01-08,1,EF5UUHUA13DAUB9J
1,2025-07-10,1,EF5UUHUA13DAUB9J
0,2024-12-01,1,SM2BCKCFP8KXCX82
1,2025-01-30,1,SM2BCKCFP8KXCX82
2,2025-02-18,1,SM2BCKCFP8KXCX82
3,2025-05-24,1,SM2BCKCFP8KXCX82
4,2025-06-20,1,SM2BCKCFP8KXCX82
0,2024-10-06,1,0U5QOMO1ATP1O1UK
1,2024-12-16,0,0U5QOMO1ATP1O1UK
2,2025-01-24,1,0U5QOMO1ATP1O1UK
3,2025-03-03,0,0U5QOMO1ATP1O1UK
4,2025-05-10,1,0U5QOMO1ATP1O1UK
5,2025-05-28,1,0U5QOMO1ATP1O1UK
6,2025-07-10,1,0U5QOMO1ATP1O1UK
0,2023-02-14,1,PX89PBPHC6HJPODS
1,2023-04-01,0,PX89PBPHC6HJPODS
0,2022-11-13,1,S40BT5TQMFLQTQK9
1,2022-11-20,1,S40BT5TQMFLQTQK9
2,2023-03-20,1,S40BT5TQMFLQTQK9
0,2023-12-30,1,CYOXS4ST2E4MSMC6
1,2024-01-08,1,CYOXS4ST2E4MSMC6
0,2025-06-11,1,0FPA4A4BYK2B4HJO
1,2025-07-11,1,0FPA4A4BYK2B4HJO
0,2023-11-29,1,ET45E1JYH4VYJY43
1,2023-12-09,1,ET45E1JYH4VYJY43
2,2024-08-09,0,ET45E1JYH4VYJY43
3,2024-12-04,1,ET45E1JYH4VYJY43
4,2025-03-26,1,ET45E1JYH4VYJY43
5,2025-04-15,1,ET45E1JYH4VYJY43
0,2025-02-23,1,EXRHHJEOVIOAEBSZ
1,2025-03-26,1,EXRHHJEOVIOAEBSZ
2,2025-04-29,1,EXRHHJEOVIOAEBSZ
3,2025-07-14,1,EXRHHJEOVIOAEBSZ
0,2023-02-02,1,01VCTMD1RPMUDUVN
1,2023-03-25,1,01VCTMD1RPMUDUVN
2,2023-04-01,1,01VCTMD1RPMUDUVN
3,2023-05-17,1,01VCTMD1RPMUDUVN
0,2022-04-06,1,CFIFSBT3MFZHTAN9
1,2022-04-22,0,CFIFSBT3MFZHTAN9
2,2022-05-13,1,CFIFSBT3MFZHTAN9
3,2022-08-14,1,CFIFSBT3MFZHTAN9
4,2022-09-16,1,CFIFSBT3MFZHTAN9
5,2022-09-19,1,CFIFSBT3MFZHTAN9
6,2022-09-27,1,CFIFSBT3MFZHTAN9
0,2025-07-06,1,SYB653CSP83QCQH2
0,2024-06-22,1,P48UGY9FBU0M9MIF
1,2024-07-07,1,P48UGY9FBU0M9MIF
2,2024-07-21,1,P48UGY9FBU0M9MIF
3,2024-08-04,1,P48UGY9FBU0M9MIF
4,2024-09-12,0,P48UGY9FBU0M9MIF
5,2025-04-05,1,P48UGY9FBU0M9MIF
6,2025-05-30,1,P48UGY9FBU0M9MIF
0,2023-07-24,0,0XFNOA06GWB90J3R
1,2023-07-26,1,0XFNOA06GWB90J3R
2,2023-08-31,1,0XFNOA06GWB90J3R
3,2023-10-04,1,0XFNOA06GWB90J3R
4,2023-10-23,0,0XFNOA06GWB90J3R
5,2023-10-31,1,0XFNOA06GWB90J3R
6,2023-11-19,1,0XFNOA06GWB90J3R
7,2024-02-18,1,0XFNOA06GWB90J3R
8,2024-04-30,1,0XFNOA06GWB90J3R
9,2024-07-03,0,0XFNOA06GWB90J3R
10,2024-11-19,1,0XFNOA06GWB90J3R
0,2025-05-01,0,SU1F8XTJMF65T5R9
1,2025-05-02,1,SU1F8XTJMF65T5R9
0,2023-05-22,1,EMD01U78ZGUY7Y5L
1,2023-07-06,0,EMD01U78ZGUY7Y5L
2,2023-07-18,1,EMD01U78ZGUY7Y5L
3,2023-09-15,1,EMD01U78ZGUY7Y5L
4,2023-12-07,1,EMD01U78ZGUY7Y5L
5,2023-12-20,1,EMD01U78ZGUY7Y5L
6,2024-01-16,1,EMD01U78ZGUY7Y5L
7,2024-03-08,0,EMD01U78ZGUY7Y5L
8,2024-07-21,0,EMD01U78ZGUY7Y5L
9,2024-10-07,1,EMD01U78ZGUY7Y5L
10,2024-10-28,0,EMD01U78ZGUY7Y5L
11,2025-02-15,1,EMD01U78ZGUY7Y5L
0,2023-07-25,1,VFM37HUK13DAUB8J
1,2023-08-01,1,VFM37HUK13DAUB8J
2,2023-09-27,1,VFM37HUK13DAUB8J
3,2023-09-29,1,VFM37HUK13DAUB8J
0,2023-05-21,1,2ME1KQPDC6QFPF9S
1,2023-06-16,1,2ME1KQPDC6QFPF9S
2,2023-08-10,1,2ME1KQPDC6QFPF9S
3,2023-08-22,1,2ME1KQPDC6QFPF9S
4,2023-10-08,1,2ME1KQPDC6QFPF9S
5,2023-10-19,1,2ME1KQPDC6QFPF9S
6,2023-12-30,1,2ME1KQPDC6QFPF9S
7,2024-01-26,1,2ME1KQPDC6QFPF9S
8,2024-10-28,1,2ME1KQPDC6QFPF9S
9,2024-12-05,1,2ME1KQPDC6QFPF9S
0,2022-12-21,1,GUPBCMOFATP1O1IK
1,2022-12-25,1,GUPBCMOFATP1O1IK
2,2023-03-12,1,GUPBCMOFATP1O1IK
3,2023-03-19,1,GUPBCMOFATP1O1IK
4,2023-05-21,1,GUPBCMOFATP1O1IK
5,2023-08-15,1,GUPBCMOFATP1O1IK
6,2023-09-28,1,GUPBCMOFATP1O1IK
7,2023-09-29,1,GUPBCMOFATP1O1IK
8,2023-11-18,1,GUPBCMOFATP1O1IK
9,2024-04-03,0,GUPBCMOFATP1O1IK
10,2024-04-20,1,GUPBCMOFATP1O1IK
11,2024-06-08,1,GUPBCMOFATP1O1IK
12,2024-08-11,1,GUPBCMOFATP1O1IK
13,2024-08-27,1,GUPBCMOFATP1O1IK
14,2024-09-22,1,GUPBCMOFATP1O1IK
0,2023-07-04,1,CXOUB9CIP8JHCAQ2
1,2023-10-02,1,CXOUB9CIP8JHCAQ2
2,2023-10-20,1,CXOUB9CIP8JHCAQ2
3,2023-11-07,1,CXOUB9CIP8JHCAQ2
4,2023-12-21,0,CXOUB9CIP8JHCAQ2
5,2024-04-17,0,CXOUB9CIP8JHCAQ2
6,2024-05-06,0,CXOUB9CIP8JHCAQ2
7,2024-06-24,1,CXOUB9CIP8JHCAQ2
8,2024-07-14,1,CXOUB9CIP8JHCAQ2
9,2024-10-04,1,CXOUB9CIP8JHCAQ2
10,2024-11-08,1,CXOUB9CIP8JHCAQ2
11,2025-01-18,1,CXOUB9CIP8JHCAQ2
12,2025-02-21,1,CXOUB9CIP8JHCAQ2
13,2025-03-12,1,CXOUB9CIP8JHCAQ2
14,2025-04-01,1,CXOUB9CIP8JHCAQ2
15,2025-07-15,1,CXOUB9CIP8JHCAQ2
0,2024-05-03,1,24L1I5T9MFLQTQ79
1,2024-05-16,1,24L1I5T9MFLQTQ79
0,2023-10-24,1,PYYH4Y26SVYT2T38
1,2024-01-09,1,PYYH4Y26SVYT2T38
2,2024-02-11,1,PYYH4Y26SVYT2T38
3,2024-05-15,1,PYYH4Y26SVYT2T38
4,2024-06-24,0,PYYH4Y26SVYT2T38
5,2024-06-29,1,PYYH4Y26SVYT2T38
6,2024-07-13,1,PYYH4Y26SVYT2T38
7,2024-07-23,1,PYYH4Y26SVYT2T38
8,2024-08-01,1,PYYH4Y26SVYT2T38
9,2024-08-19,1,PYYH4Y26SVYT2T38
0,2025-05-08,1,GF3MQK4FYKFB4HIO
0,2024-11-02,1,S1SUZ7C7P8R5C5A2
1,2025-04-08,0,S1SUZ7C7P8R5C5A2
2,2025-04-19,1,S1SUZ7C7P8R5C5A2
3,2025-05-01,1,S1SUZ7C7P8R5C5A2
4,2025-06-25,1,S1SUZ7C7P8R5C5A2
5,2025-07-13,1,S1SUZ7C7P8R5C5A2
0,2022-06-19,1,VTKAXFJFH43YJYI3
0,2024-11-24,1,STCJAOSOMF9XTXS9
0,2023-10-28,0,G1A868Q8DCI1R15W
1,2024-01-25,1,G1A868Q8DCI1R15W
0,2025-04-07,1,PFCJXFS3MF33TAN9
1,2025-06-16,0,PFCJXFS3MF33TAN9
2,2025-06-22,1,PFCJXFS3MF33TAN9
0,2022-03-12,1,2YTZS292C6ZSPKJS
1,2022-04-08,1,2YTZS292C6ZSPKJS
2,2022-04-17,1,2YTZS292C6ZSPKJS
3,2022-06-13,1,2YTZS292C6ZSPKJS
4,2022-08-03,0,2YTZS292C6ZSPKJS
5,2022-11-20,1,2YTZS292C6ZSPKJS
6,2022-11-29,1,2YTZS292C6ZSPKJS
7,2022-12-08,1,2YTZS292C6ZSPKJS
8,2023-02-23,1,2YTZS292C6ZSPKJS
9,2023-03-14,1,2YTZS292C6ZSPKJS
10,2023-04-21,1,2YTZS292C6ZSPKJS
11,2023-07-18,1,2YTZS292C6ZSPKJS
12,2023-11-20,1,2YTZS292C6ZSPKJS
0,2022-12-27,0,C413XF8FBU3F9MIF
1,2023-02-13,1,C413XF8FBU3F9MIF
2,2023-02-23,1,C413XF8FBU3F9MIF
0,2023-05-03,1,GXDSWNA80N86GH5D
1,2023-05-25,1,GXDSWNA80N86GH5D
2,2023-06-03,1,GXDSWNA80N86GH5D
0,2023-04-05,1,2UQJHJSJMFOJT5R9
1,2023-04-25,1,2UQJHJSJMFOJT5R9
2,2023-04-27,1,2UQJHJSJMFOJT5R9
0,2023-04-17,0,VMCW863670L8Z43I
1,2023-07-12,0,VMCW863670L8Z43I
2,2023-09-04,1,VMCW863670L8Z43I
3,2024-01-29,1,VMCW863670L8Z43I
4,2024-11-13,1,VMCW863670L8Z43I
5,2024-11-26,0,VMCW863670L8Z43I
6,2024-11-29,1,VMCW863670L8Z43I
0,2022-05-13,1,SM95DRBRP8SDCXB2
1,2022-08-01,1,SM95DRBRP8SDCXB2
2,2022-08-26,1,SM95DRBRP8SDCXB2
0,2022-03-18,1,0UL1XFNFAT3FO1IK
1,2022-03-31,1,0UL1XFNFAT3FO1IK
2,2022-04-04,1,0UL1XFNFAT3FO1IK
3,2022-05-31,1,0UL1XFNFAT3FO1IK
4,2022-06-06,1,0UL1XFNFAT3FO1IK
5,2022-06-09,1,0UL1XFNFAT3FO1IK
6,2022-08-26,1,0UL1XFNFAT3FO1IK
7,2023-01-08,1,0UL1XFNFAT3FO1IK
8,2023-02-09,1,0UL1XFNFAT3FO1IK
9,2023-02-19,1,0UL1XFNFAT3FO1IK
10,2023-03-31,1,0UL1XFNFAT3FO1IK
11,2023-06-05,1,0UL1XFNFAT3FO1IK
12,2023-06-15,0,0UL1XFNFAT3FO1IK
0,2023-01-26,1,PXX3869LC6LIPOKS
1,2023-04-23,0,PXX3869LC6LIPOKS
2,2023-05-09,0,PXX3869LC6LIPOKS
3,2023-11-01,1,PXX3869LC6LIPOKS
4,2024-03-05,1,PXX3869LC6LIPOKS
5,2024-03-19,0,PXX3869LC6LIPOKS
6,2024-07-08,1,PXX3869LC6LIPOKS
0,2024-01-02,1,S44509S9MFJ9TQ79
1,2024-02-09,1,S44509S9MFJ9TQ79
2,2024-04-17,0,S44509S9MFJ9TQ79
3,2024-06-17,1,S44509S9MFJ9TQ79
4,2024-09-13,1,S44509S9MFJ9TQ79
5,2024-10-10,0,S44509S9MFJ9TQ79
6,2024-10-28,1,S44509S9MFJ9TQ79
7,2024-10-30,1,S44509S9MFJ9TQ79
8,2025-01-17,1,S44509S9MFJ9TQ79
9,2025-03-05,1,S44509S9MFJ9TQ79
10,2025-07-02,1,S44509S9MFJ9TQ79
11,2025-07-22,1,S44509S9MFJ9TQ79
12,2025-07-30,1,S44509S9MFJ9TQ79
0,2023-06-24,1,CYRYO8X82EI6SM56
1,2023-08-02,1,CYRYO8X82EI6SM56
2,2024-01-08,1,CYRYO8X82EI6SM56
3,2024-03-15,1,CYRYO8X82EI6SM56
4,2024-03-23,0,CYRYO8X82EI6SM56
5,2024-03-31,1,CYRYO8X82EI6SM56
6,2024-04-14,0,CYRYO8X82EI6SM56
7,2024-08-09,1,CYRYO8X82EI6SM56
8,2024-09-05,1,CYRYO8X82EI6SM56
9,2024-10-26,1,CYRYO8X82EI6SM56
0,2023-03-31,1,0FTXPKRFYKFF4HIO
1,2023-06-14,1,0FTXPKRFYKFF4HIO
0,2025-07-04,1,2103YZ9ZC6D7P3OS
0,2025-01-08,1,ETGM2FIFH43FJYI3
1,2025-04-01,1,ETGM2FIFH43FJYI3
2,2025-06-16,0,ETGM2FIFH43FJYI3
3,2025-06-24,1,ETGM2FIFH43FJYI3
0,2022-08-19,1,EXAQ4IHNVINWEBXZ
1,2022-09-20,1,EXAQ4IHNVINWEBXZ
2,2022-11-23,1,EXAQ4IHNVINWEBXZ
3,2023-02-27,1,EXAQ4IHNVINWEBXZ
4,2023-04-15,1,EXAQ4IHNVINWEBXZ
0,2024-08-16,1,2T840OSOMF9OTXS9
1,2024-11-29,1,2T840OSOMF9OTXS9
2,2025-01-24,1,2T840OSOMF9OTXS9
3,2025-02-04,1,2T840OSOMF9OTXS9
0,2022-05-16,1,01U7H6K6RPL8DU3N
1,2022-06-04,1,01U7H6K6RPL8DU3N
2,2022-06-05,1,01U7H6K6RPL8DU3N
3,2022-06-10,1,01U7H6K6RPL8DU3N
4,2022-06-19,1,01U7H6K6RPL8DU3N
5,2022-07-18,1,01U7H6K6RPL8DU3N
6,2022-08-07,1,01U7H6K6RPL8DU3N
7,2022-10-08,0,01U7H6K6RPL8DU3N
8,2022-10-18,1,01U7H6K6RPL8DU3N
9,2022-11-17,1,01U7H6K6RPL8DU3N
10,2023-05-30,1,01U7H6K6RPL8DU3N
11,2023-06-29,0,01U7H6K6RPL8DU3N
12,2023-12-23,1,01U7H6K6RPL8DU3N
13,2024-03-13,1,01U7H6K6RPL8DU3N
14,2024-05-17,1,01U7H6K6RPL8DU3N
15,2024-07-05,1,01U7H6K6RPL8DU3N
16,2024-09-18,1,01U7H6K6RPL8DU3N
0,2023-02-13,1,CF54VFS3MF33TAN9
1,2023-06-15,1,CF54VFS3MF33TAN9
2,2023-07-06,1,CF54VFS3MF33TAN9
3,2023-07-28,0,CF54VFS3MF33TAN9
4,2023-09-21,1,CF54VFS3MF33TAN9
5,2023-10-12,0,CF54VFS3MF33TAN9
0,2023-09-15,1,P4XODA8FBU3F9MIF
1,2023-09-30,1,P4XODA8FBU3F9MIF
2,2023-11-10,0,P4XODA8FBU3F9MIF
3,2024-01-30,1,P4XODA8FBU3F9MIF
0,2023-01-15,1,SUV40YSJMFOJT5R9
1,2023-02-13,1,SUV40YSJMFOJT5R9
2,2023-05-13,1,SUV40YSJMFOJT5R9
3,2023-05-14,1,SUV40YSJMFOJT5R9
4,2023-06-22,1,SUV40YSJMFOJT5R9
5,2023-07-05,1,SUV40YSJMFOJT5R9
6,2023-07-29,1,SUV40YSJMFOJT5R9
7,2023-08-18,1,SUV40YSJMFOJT5R9
8,2023-11-13,1,SUV40YSJMFOJT5R9
9,2023-11-20,1,SUV40YSJMFOJT5R9
10,2024-01-10,1,SUV40YSJMFOJT5R9
11,2024-07-02,1,SUV40YSJMFOJT5R9
12,2024-07-15,1,SUV40YSJMFOJT5R9
13,2024-09-03,0,SUV40YSJMFOJT5R9
14,2024-10-05,1,SUV40YSJMFOJT5R9
15,2024-10-11,1,SUV40YSJMFOJT5R9
0,2024-11-15,1,EMO29B58ZGI67Y5L
1,2025-05-08,1,EMO29B58ZGI67Y5L
0,2023-09-01,1,VFPT0Y7K13KKUB8J
1,2023-09-02,1,VFPT0Y7K13KKUB8J
2,2023-09-24,0,VFPT0Y7K13KKUB8J
3,2023-10-08,1,VFPT0Y7K13KKUB8J
4,2023-10-30,1,VFPT0Y7K13KKUB8J
5,2023-12-05,1,VFPT0Y7K13KKUB8J
6,2024-01-06,1,VFPT0Y7K13KKUB8J
7,2024-03-10,1,VFPT0Y7K13KKUB8J
8,2024-08-06,1,VFPT0Y7K13KKUB8J
9,2024-08-09,1,VFPT0Y7K13KKUB8J
10,2024-10-08,1,VFPT0Y7K13KKUB8J
11,2025-01-26,1,VFPT0Y7K13KKUB8J
12,2025-03-06,1,VFPT0Y7K13KKUB8J
13,2025-03-12,1,VFPT0Y7K13KKUB8J
14,2025-05-27,1,VFPT0Y7K13KKUB8J
0,2025-07-16,1,GUT54HNFVT3FO1IK
0,2023-02-28,1,CXRO71BI98ILCAQ2
0,2024-02-25,1,243AFYS9WFJ9TQ79
1,2024-04-12,1,243AFYS9WFJ9TQ79
2,2024-05-08,1,243AFYS9WFJ9TQ79
3,2024-05-10,1,243AFYS9WFJ9TQ79
4,2024-08-14,1,243AFYS9WFJ9TQ79
5,2024-11-15,1,243AFYS9WFJ9TQ79
6,2025-02-06,1,243AFYS9WFJ9TQ79
0,2023-05-09,1,PY0QVOF6MVL82T38
1,2023-05-16,1,PY0QVOF6MVL82T38
2,2023-06-07,0,PY0QVOF6MVL82T38
3,2024-01-02,1,PY0QVOF6MVL82T38
4,2024-01-03,1,PY0QVOF6MVL82T38
5,2024-02-20,1,PY0QVOF6MVL82T38
0,2024-11-12,1,GFIH9MRFDKFF4HIO
1,2024-12-24,0,GFIH9MRFDKFF4HIO
2,2024-12-27,1,GFIH9MRFDKFF4HIO
3,2025-02-17,1,GFIH9MRFDKFF4HIO
0,2022-09-13,1,S1BONYB138RZC5A2
1,2022-10-21,1,S1BONYB138RZC5A2
2,2022-10-26,0,S1BONYB138RZC5A2
3,2022-12-19,0,S1BONYB138RZC5A2
4,2023-01-27,1,S1BONYB138RZC5A2
5,2023-02-19,0,S1BONYB138RZC5A2
6,2023-03-04,0,S1BONYB138RZC5A2
7,2023-04-28,0,S1BONYB138RZC5A2
8,2023-06-22,1,S1BONYB138RZC5A2
9,2023-08-02,0,S1BONYB138RZC5A2
0,2023-12-26,1,VTNXTBIA043FJYI3
1,2024-04-11,0,VTNXTBIA043FJYI3
2,2024-08-04,1,VTNXTBIA043FJYI3
3,2024-10-05,1,VTNXTBIA043FJYI3
4,2025-01-09,1,VTNXTBIA043FJYI3
0,2024-03-05,1,VXFBD4JTHLWNV9F7
1,2024-03-29,1,VXFBD4JTHLWNV9F7
2,2024-10-07,0,VXFBD4JTHLWNV9F7
3,2025-01-29,1,VXFBD4JTHLWNV9F7
4,2025-03-04,1,VXFBD4JTHLWNV9F7
5,2025-06-07,1,VXFBD4JTHLWNV9F7
0,2022-02-07,1,STMK3YX16F9OTXS9
1,2022-06-20,1,STMK3YX16F9OTXS9
2,2022-06-26,1,STMK3YX16F9OTXS9
3,2023-02-10,0,STMK3YX16F9OTXS9
0,2022-10-09,1,G1DGGHPBUCI6R15W
1,2022-10-16,1,G1DGGHPBUCI6R15W
2,2022-12-15,0,G1DGGHPBUCI6R15W
0,2023-06-16,1,PFMKJ1XY2F33TAN9
1,2023-09-04,1,PFMKJ1XY2F33TAN9
2,2023-10-01,1,PFMKJ1XY2F33TAN9
3,2023-10-04,1,PFMKJ1XY2F33TAN9
0,2024-01-23,1,2YCW648UQ6ZSPKJS
0,2022-11-25,1,GXOISMW1ON86GH5D
1,2022-11-29,1,GXOISMW1ON86GH5D
2,2023-04-08,1,GXOISMW1ON86GH5D
3,2023-06-30,1,GXOISMW1ON86GH5D
4,2023-07-12,1,GXOISMW1ON86GH5D
0,2022-08-17,1,2UWKKYX1LFOJT5R9
1,2022-11-20,1,2UWKKYX1LFOJT5R9
2,2022-12-12,1,2UWKKYX1LFOJT5R9
3,2023-01-24,1,2UWKKYX1LFOJT5R9
4,2023-04-26,1,2UWKKYX1LFOJT5R9
0,2025-07-04,1,VMMVP9GOY0L8Z43I
0,2022-12-22,1,EF3FNY5MZ3KKUB8J
0,2024-08-14,1,SMSMHY61F1SDCXB2
1,2024-09-29,1,SMSMHY61F1SDCXB2
0,2023-08-04,1,0U3AN4MBVB3FO1IK
1,2024-04-15,0,0U3AN4MBVB3FO1IK
2,2024-10-26,1,0U3AN4MBVB3FO1IK
3,2024-11-17,1,0U3AN4MBVB3FO1IK
4,2025-02-13,0,0U3AN4MBVB3FO1IK
5,2025-04-14,1,0U3AN4MBVB3FO1IK
6,2025-06-13,1,0U3AN4MBVB3FO1IK
0,2023-06-14,1,S4GMRFX1W1J9TQ79
1,2023-07-21,1,S4GMRFX1W1J9TQ79
2,2024-02-18,1,S4GMRFX1W1J9TQ79
3,2024-02-21,1,S4GMRFX1W1J9TQ79
4,2024-03-18,0,S4GMRFX1W1J9TQ79
5,2024-05-28,1,S4GMRFX1W1J9TQ79
6,2024-07-07,1,S4GMRFX1W1J9TQ79
7,2025-04-10,0,S4GMRFX1W1J9TQ79
0,2022-04-26,1,ETYHNTYA0A3FJYI3
1,2022-05-29,1,ETYHNTYA0A3FJYI3
0,2023-02-14,1,2TX973X1619OTXS9
1,2023-03-01,1,2TX973X1619OTXS9
2,2023-03-09,1,2TX973X1619OTXS9
3,2023-03-30,1,2TX973X1619OTXS9
0,2023-11-20,1,01ENKGC919L8DU3N
1,2023-11-23,1,01ENKGC919L8DU3N
2,2024-01-31,1,01ENKGC919L8DU3N
3,2024-04-21,0,01ENKGC919L8DU3N
4,2024-05-13,1,01ENKGC919L8DU3N
5,2024-05-24,1,01ENKGC919L8DU3N
6,2024-07-09,1,01ENKGC919L8DU3N
7,2024-08-28,0,01ENKGC919L8DU3N
8,2024-10-16,1,01ENKGC919L8DU3N
9,2024-10-31,1,01ENKGC919L8DU3N
10,2025-01-08,1,01ENKGC919L8DU3N
11,2025-01-15,1,01ENKGC919L8DU3N
12,2025-03-03,1,01ENKGC919L8DU3N
13,2025-05-25,1,01ENKGC919L8DU3N
0,2022-11-10,1,CFL9IJXY2133TAN9
1,2023-06-15,1,CFL9IJXY2133TAN9
2,2023-06-29,1,CFL9IJXY2133TAN9
3,2023-08-12,1,CFL9IJXY2133TAN9
4,2023-11-16,1,CFL9IJXY2133TAN9
5,2023-12-21,1,CFL9IJXY2133TAN9
6,2024-05-26,1,CFL9IJXY2133TAN9
7,2024-06-04,1,CFL9IJXY2133TAN9
0,2022-06-17,1,SY92A661K172CQH2
1,2023-03-07,0,SY92A661K172CQH2
2,2023-09-20,0,SY92A661K172CQH2
3,2023-11-13,0,SY92A661K172CQH2
4,2024-01-03,1,SY92A661K172CQH2
0,2024-12-17,1,P46FNU1HPH3F9MIF
1,2025-01-31,1,P46FNU1HPH3F9MIF
2,2025-02-10,1,P46FNU1HPH3F9MIF
3,2025-07-22,1,P46FNU1HPH3F9MIF
0,2022-09-15,1,SUU91KX1L1OJT5R9
1,2022-10-22,1,SUU91KX1L1OJT5R9
2,2022-11-11,0,SUU91KX1L1OJT5R9
3,2023-02-22,1,SUU91KX1L1OJT5R9
4,2023-02-25,1,SUU91KX1L1OJT5R9
0,2025-04-06,1,EMRLDP0A4AI67Y5L
1,2025-04-21,1,EMRLDP0A4AI67Y5L
2,2025-05-16,1,EMRLDP0A4AI67Y5L
3,2025-06-02,1,EMRLDP0A4AI67Y5L
4,2025-07-27,1,EMRLDP0A4AI67Y5L
0,2022-10-31,1,VFTJMO5MZYKKUB8J
1,2022-12-21,1,VFTJMO5MZYKKUB8J
2,2023-01-22,1,VFTJMO5MZYKKUB8J
3,2023-02-01,1,VFTJMO5MZYKKUB8J
4,2023-10-20,1,VFTJMO5MZYKKUB8J
5,2023-11-20,0,VFTJMO5MZYKKUB8J
6,2023-12-25,1,VFTJMO5MZYKKUB8J
7,2024-01-05,1,VFTJMO5MZYKKUB8J
0,2023-01-11,1,2MVXEI8UXU2RPF9S
1,2023-01-23,1,2MVXEI8UXU2RPF9S
0,2024-06-13,1,GUCMB4MBVB3FO1IK
1,2024-07-04,1,GUCMB4MBVB3FO1IK
2,2024-08-19,1,GUCMB4MBVB3FO1IK
3,2024-09-03,1,GUCMB4MBVB3FO1IK
4,2024-11-25,1,GUCMB4MBVB3FO1IK
5,2025-01-01,1,GUCMB4MBVB3FO1IK
6,2025-01-11,1,GUCMB4MBVB3FO1IK
7,2025-01-14,1,GUCMB4MBVB3FO1IK
8,2025-03-24,1,GUCMB4MBVB3FO1IK
9,2025-03-27,1,GUCMB4MBVB3FO1IK
10,2025-06-09,1,GUCMB4MBVB3FO1IK
11,2025-07-09,1,GUCMB4MBVB3FO1IK
0,2023-09-08,1,CXAF0Z6Y91ILCAQ2
0,2022-02-20,1,24IX1FX1W1J9TQ79
1,2022-05-19,1,24IX1FX1W1J9TQ79
2,2022-12-03,1,24IX1FX1W1J9TQ79
3,2022-12-11,0,24IX1FX1W1J9TQ79
4,2023-04-14,0,24IX1FX1W1J9TQ79
5,2023-06-24,1,24IX1FX1W1J9TQ79
6,2023-08-11,1,24IX1FX1W1J9TQ79
0,2024-12-05,1,PY417EEJMJL82T38
1,2025-02-23,1,PY417EEJMJL82T38
2,2025-07-04,1,PY417EEJMJL82T38
0,2024-08-10,0,GF5Q19Q1DMFF4HIO
1,2024-09-28,0,GF5Q19Q1DMFF4HIO
2,2025-02-17,0,GF5Q19Q1DMFF4HIO
0,2023-11-18,1,S12FVW6131RZC5A2
1,2023-12-08,1,S12FVW6131RZC5A2
2,2023-12-12,1,S12FVW6131RZC5A2
3,2024-01-09,0,S12FVW6131RZC5A2
4,2024-08-21,1,S12FVW6131RZC5A2
5,2024-08-30,1,S12FVW6131RZC5A2
6,2024-12-04,1,S12FVW6131RZC5A2
7,2025-02-08,1,S12FVW6131RZC5A2
0,2025-05-19,1,VTQYATYA0A3FJYI3
1,2025-05-24,1,VTQYATYA0A3FJYI3
2,2025-07-01,1,VTQYATYA0A3FJYI3
0,2023-04-24,1,VX85CQITH4WNV9F7
1,2023-06-05,1,VX85CQITH4WNV9F7
2,2023-11-04,0,VX85CQITH4WNV9F7
3,2024-01-16,1,VX85CQITH4WNV9F7
4,2024-05-04,0,VX85CQITH4WNV9F7
5,2024-06-15,1,VX85CQITH4WNV9F7
6,2024-11-05,1,VX85CQITH4WNV9F7
7,2025-01-06,1,VX85CQITH4WNV9F7
8,2025-03-07,1,VX85CQITH4WNV9F7
0,2024-01-04,1,STPU1HV1619OTXS9
1,2024-03-29,1,STPU1HV1619OTXS9
2,2024-06-01,1,STPU1HV1619OTXS9
3,2024-06-14,1,STPU1HV1619OTXS9
4,2024-07-06,1,STPU1HV1619OTXS9
5,2024-08-01,0,STPU1HV1619OTXS9
6,2024-09-06,1,STPU1HV1619OTXS9
7,2024-10-19,1,STPU1HV1619OTXS9
8,2024-12-15,1,STPU1HV1619OTXS9
9,2025-03-28,1,STPU1HV1619OTXS9
10,2025-04-28,0,STPU1HV1619OTXS9
11,2025-07-04,1,STPU1HV1619OTXS9
0,2025-07-01,1,G1OS2K9BUBI6R15W
0,2023-10-28,0,PFPUY5VY2133TKN9
1,2024-01-09,0,PFPUY5VY2133TKN9
0,2025-05-30,1,2YMVEA1UQUZSP7JS
0,2022-07-22,1,C4UJPQZHPH3F93IF
1,2023-03-21,0,C4UJPQZHPH3F93IF
2,2023-05-18,1,C4UJPQZHPH3F93IF
0,2023-03-27,1,GXRCJFT1OM86GL5D
1,2023-07-28,1,GXRCJFT1OM86GL5D
2,2023-09-12,0,GXRCJFT1OM86GL5D
3,2023-11-18,1,GXRCJFT1OM86GL5D
4,2024-01-04,1,GXRCJFT1OM86GL5D
5,2024-02-14,1,GXRCJFT1OM86GL5D
6,2024-05-22,1,GXRCJFT1OM86GL5D
0,2024-11-26,1,2UKULBV1L1OJTOR9
1,2024-12-17,1,2UKULBV1L1OJTOR9
0,2024-07-08,1,VMPDYQAOYOL8ZI3I
1,2024-07-19,1,VMPDYQAOYOL8ZI3I
0,2024-11-22,1,EFI42Q0MZYKKUF8J
1,2025-01-30,1,EFI42Q0MZYKKUF8J
2,2025-03-08,1,EFI42Q0MZYKKUF8J
0,2024-10-08,1,SMBHFJU1F1SDC2B2
0,2022-03-28,1,0UIXVQ2TVB3FO3IK
1,2022-05-06,0,0UIXVQ2TVB3FO3IK
2,2022-07-07,1,0UIXVQ2TVB3FO3IK
3,2022-08-09,0,0UIXVQ2TVB3FO3IK
4,2022-10-23,1,0UIXVQ2TVB3FO3IK
5,2023-03-29,1,0UIXVQ2TVB3FO3IK
6,2023-07-12,1,0UIXVQ2TVB3FO3IK
7,2023-12-18,1,0UIXVQ2TVB3FO3IK
8,2024-01-28,0,0UIXVQ2TVB3FO3IK
0,2022-09-01,1,PXFJA51RBULIPNKS
1,2023-01-16,1,PXFJA51RBULIPNKS
2,2023-04-24,0,PXFJA51RBULIPNKS
3,2023-07-19,1,PXFJA51RBULIPNKS
0,2025-07-01,0,S4YHWAV3W1J9TJ79
1,2025-07-07,0,S4YHWAV3W1J9TJ79
0,2023-10-05,1,CYD5TKJ0THI6SL56
1,2023-12-05,0,CYD5TKJ0THI6SL56
2,2024-03-27,1,CYD5TKJ0THI6SL56
3,2024-06-25,1,CYD5TKJ0THI6SL56
4,2024-09-06,1,CYD5TKJ0THI6SL56
5,2024-11-28,0,CYD5TKJ0THI6SL56
6,2025-01-26,1,CYD5TKJ0THI6SL56
7,2025-03-08,1,CYD5TKJ0THI6SL56
0,2024-03-17,1,0FMBZXPJDMFF43IO
1,2024-05-23,1,0FMBZXPJDMFF43IO
2,2024-05-24,0,0FMBZXPJDMFF43IO
3,2024-06-07,1,0FMBZXPJDMFF43IO
4,2024-06-15,1,0FMBZXPJDMFF43IO
5,2024-06-29,0,0FMBZXPJDMFF43IO
6,2024-11-15,1,0FMBZXPJDMFF43IO
7,2025-05-20,1,0FMBZXPJDMFF43IO
0,2023-11-22,0,21GJ5B185UD7PROS
1,2024-01-03,1,21GJ5B185UD7PROS
2,2024-04-17,1,21GJ5B185UD7PROS
3,2024-09-08,1,21GJ5B185UD7PROS
4,2024-10-05,1,21GJ5B185UD7PROS
5,2025-05-20,1,21GJ5B185UD7PROS
0,2025-04-08,1,ET0Q0QDU0A3FJ3I3
1,2025-05-26,1,ET0Q0QDU0A3FJ3I3
2,2025-06-03,1,ET0Q0QDU0A3FJ3I3
3,2025-06-08,1,ET0Q0QDU0A3FJ3I3
0,2024-12-16,1,EXOA9K42JYNWE6XZ
1,2025-01-24,0,EXOA9K42JYNWE6XZ
2,2025-05-23,1,EXOA9K42JYNWE6XZ
3,2025-06-25,1,EXOA9K42JYNWE6XZ
0,2023-12-04,1,2T636HVK619OT9S9
1,2024-01-31,0,2T636HVK619OT9S9
2,2024-03-14,1,2T636HVK619OT9S9
3,2024-06-14,0,2T636HVK619OT9S9
4,2024-08-19,1,2T636HVK619OT9S9
5,2024-10-06,1,2T636HVK619OT9S9
0,2025-06-26,0,011E1QBC19L8DI3N
0,2024-02-25,1,CF33K5VOF133TKN9
1,2024-03-22,1,CF33K5VOF133TKN9
2,2024-04-27,1,CF33K5VOF133TKN9
3,2024-07-01,1,CF33K5VOF133TKN9
0,2024-01-26,0,SYSL7OULR172CZH2
1,2024-07-20,1,SYSL7OULR172CZH2
0,2023-04-05,1,P4F43QZ4KH3F93IF
0,2023-10-19,1,0X68LXM7WT680I3R
1,2023-10-20,1,0X68LXM7WT680I3R
2,2023-11-29,1,0X68LXM7WT680I3R
3,2023-12-24,1,0X68LXM7WT680I3R
4,2024-03-12,0,0X68LXM7WT680I3R
0,2023-12-06,1,SUE3OUVF91EJTOR9
1,2024-04-29,0,SUE3OUVF91EJTOR9
0,2024-02-20,1,EMAPIROVNAA67L5L
1,2024-03-15,1,EMAPIROVNAA67L5L
2,2024-04-15,1,EMAPIROVNAA67L5L
3,2024-07-12,1,EMAPIROVNAA67L5L
4,2024-09-09,1,EMAPIROVNAA67L5L
0,2022-12-15,1,VFCKFT093YCKUF8J
0,2022-07-02,1,GUMH392TKBSFO3IK
1,2022-07-18,1,GUMH392TKBSFO3IK
2,2022-07-30,1,GUMH392TKBSFO3IK
3,2022-09-12,1,GUMH392TKBSFO3IK
4,2022-12-12,1,GUMH392TKBSFO3IK
0,2022-01-19,1,245YJUV3O1E9TJ79
1,2022-01-25,1,245YJUV3O1E9TJ79
2,2022-02-13,0,245YJUV3O1E9TJ79
3,2022-11-11,1,245YJUV3O1E9TJ79
0,2024-08-03,1,PYGALZHGWJJ82I38
1,2024-09-24,1,PYGALZHGWJJ82I38
2,2024-10-02,1,PYGALZHGWJJ82I38
3,2024-11-01,1,PYGALZHGWJJ82I38
4,2025-02-17,1,PYGALZHGWJJ82I38
5,2025-02-28,1,PYGALZHGWJJ82I38
6,2025-04-11,1,PYGALZHGWJJ82I38
7,2025-04-16,1,PYGALZHGWJJ82I38
8,2025-04-30,1,PYGALZHGWJJ82I38
0,2022-03-15,1,GFL13UPJKMEF43IO
1,2022-05-18,1,GFL13UPJKMEF43IO
2,2022-07-04,1,GFL13UPJKMEF43IO
3,2022-10-07,0,GFL13UPJKMEF43IO
4,2023-04-03,0,GFL13UPJKMEF43IO
5,2023-04-04,1,GFL13UPJKMEF43IO
6,2023-07-29,1,GFL13UPJKMEF43IO
7,2023-10-24,1,GFL13UPJKMEF43IO
8,2023-11-09,1,GFL13UPJKMEF43IO
9,2023-12-02,0,GFL13UPJKMEF43IO
10,2023-12-21,1,GFL13UPJKMEF43IO
11,2024-02-27,1,GFL13UPJKMEF43IO
0,2023-06-13,1,S194REU6S11ZCDA2
1,2023-07-21,1,S194REU6S11ZCDA2
2,2023-08-17,1,S194REU6S11ZCDA2
0,2023-09-22,1,VTWB3ODUKARFJ3I3
1,2024-02-09,1,VTWB3ODUKARFJ3I3
2,2024-02-16,1,VTWB3ODUKARFJ3I3
3,2024-05-19,1,VTWB3ODUKARFJ3I3
0,2023-10-20,0,VXXM6PYSL4TNV8F7
1,2023-10-27,1,VXXM6PYSL4TNV8F7
0,2024-07-14,1,STTOCUJKJ1EOS9S9
1,2024-07-29,1,STTOCUJKJ1EOS9S9
2,2024-12-02,0,STTOCUJKJ1EOS9S9
3,2024-12-15,1,STTOCUJKJ1EOS9S9
4,2025-02-05,1,STTOCUJKJ1EOS9S9
5,2025-03-20,1,STTOCUJKJ1EOS9S9
6,2025-04-13,1,STTOCUJKJ1EOS9S9
7,2025-07-23,1,STTOCUJKJ1EOS9S9
8,2025-07-24,1,STTOCUJKJ1EOS9S9
0,2023-08-11,1,G1RIAS8PNBB6QL5W
1,2023-09-14,0,G1RIAS8PNBB6QL5W
2,2023-10-21,1,G1RIAS8PNBB6QL5W
0,2024-06-29,1,PFTOC4JOF1G3SKN9
1,2024-09-23,0,PFTOC4JOF1G3SKN9
2,2025-01-20,1,PFTOC4JOF1G3SKN9
3,2025-03-06,1,PFTOC4JOF1G3SKN9
4,2025-04-18,1,PFTOC4JOF1G3SKN9
0,2022-11-04,1,2YPDTVZIDUUS97JS
1,2023-02-02,1,2YPDTVZIDUUS97JS
2,2023-02-28,1,2YPDTVZIDUUS97JS
3,2023-07-14,1,2YPDTVZIDUUS97JS
4,2023-08-10,1,2YPDTVZIDUUS97JS
5,2023-12-05,0,2YPDTVZIDUUS97JS
6,2024-02-03,1,2YPDTVZIDUUS97JS
7,2024-02-07,1,2YPDTVZIDUUS97JS
8,2024-03-30,0,2YPDTVZIDUUS97JS
9,2024-04-25,1,2YPDTVZIDUUS97JS
10,2024-06-18,1,2YPDTVZIDUUS97JS
11,2024-08-17,1,2YPDTVZIDUUS97JS
0,2023-07-03,1,C4EKSJ34KH7F83IF
1,2023-07-05,1,C4EKSJ34KH7F83IF
2,2023-10-06,1,C4EKSJ34KH7F83IF
3,2023-11-07,1,C4EKSJ34KH7F83IF
4,2023-12-28,1,C4EKSJ34KH7F83IF
5,2024-03-17,0,C4EKSJ34KH7F83IF
6,2024-05-18,1,C4EKSJ34KH7F83IF
7,2024-07-13,1,C4EKSJ34KH7F83IF
0,2025-03-12,1,GXA7YESZNM16AL5D
1,2025-03-19,1,GXA7YESZNM16AL5D
2,2025-04-30,1,GXA7YESZNM16AL5D
3,2025-05-27,1,GXA7YESZNM16AL5D
4,2025-05-31,1,GXA7YESZNM16AL5D
5,2025-06-20,1,GXA7YESZNM16AL5D
6,2025-07-23,0,GXA7YESZNM16AL5D
0,2023-01-02,1,2UNOCUJF91EJSOR9
1,2023-01-27,0,2UNOCUJF91EJSOR9
2,2023-02-03,1,2UNOCUJF91EJSOR9
3,2023-07-12,0,2UNOCUJF91EJSOR9
4,2023-07-18,1,2UNOCUJF91EJSOR9
5,2023-09-20,1,2UNOCUJF91EJSOR9
0,2024-01-20,0,VMT6JDWEWOO83I3I
1,2024-02-20,1,VMT6JDWEWOO83I3I
2,2024-03-12,1,VMT6JDWEWOO83I3I
3,2024-05-23,0,VMT6JDWEWOO83I3I
4,2024-05-24,1,VMT6JDWEWOO83I3I
5,2024-07-07,1,VMT6JDWEWOO83I3I
0,2024-09-02,1,EF59ETO93YCK7F8J
1,2024-11-03,1,EF59ETO93YCK7F8J
2,2024-11-09,1,EF59ETO93YCK7F8J
0,2023-09-26,1,SM2QME7W711DB2B2
1,2023-10-02,1,SM2QME7W711DB2B2
2,2023-10-08,1,SM2QME7W711DB2B2
3,2023-12-21,1,SM2QME7W711DB2B2
4,2024-01-19,1,SM2QME7W711DB2B2
5,2024-04-07,1,SM2QME7W711DB2B2
6,2024-05-05,1,SM2QME7W711DB2B2
0,2022-06-09,1,0U5YR9FTKBSFN3IK
1,2022-09-24,1,0U5YR9FTKBSFN3IK
2,2023-06-08,0,0U5YR9FTKBSFN3IK
3,2023-07-27,1,0U5YR9FTKBSFN3IK
0,2023-03-15,0,PX8KT0ZR6U4I9NKS
1,2023-11-30,1,PX8KT0ZR6U4I9NKS
2,2024-02-05,1,PX8KT0ZR6U4I9NKS
3,2024-05-07,1,PX8KT0ZR6U4I9NKS
0,2023-08-05,1,S40QCUJ3O1E9SJ79
1,2023-08-27,1,S40QCUJ3O1E9SJ79
2,2023-10-10,1,S40QCUJ3O1E9SJ79
3,2023-11-11,1,S40QCUJ3O1E9SJ79
4,2023-11-18,1,S40QCUJ3O1E9SJ79
5,2024-01-02,1,S40QCUJ3O1E9SJ79
6,2024-01-28,1,S40QCUJ3O1E9SJ79
7,2024-02-19,0,S40QCUJ3O1E9SJ79
8,2024-07-05,1,S40QCUJ3O1E9SJ79
0,2024-10-26,1,CYOMBMI0NHH6XL56
1,2024-11-18,1,CYOMBMI0NHH6XL56
2,2024-11-29,0,CYOMBMI0NHH6XL56
3,2024-12-19,1,CYOMBMI0NHH6XL56
4,2025-01-10,1,CYOMBMI0NHH6XL56
5,2025-04-09,1,CYOMBMI0NHH6XL56
6,2025-06-08,0,CYOMBMI0NHH6XL56
7,2025-07-20,1,CYOMBMI0NHH6XL56
0,2023-09-26,1,0FP5GH9JKMEFR3IO
1,2023-10-07,1,0FP5GH9JKMEFR3IO
2,2023-10-24,1,0FP5GH9JKMEFR3IO
3,2023-12-11,1,0FP5GH9JKMEFR3IO
4,2024-03-05,1,0FP5GH9JKMEFR3IO
5,2024-05-02,1,0FP5GH9JKMEFR3IO
6,2024-05-06,1,0FP5GH9JKMEFR3IO
7,2024-07-21,1,0FP5GH9JKMEFR3IO
8,2024-09-04,1,0FP5GH9JKMEFR3IO
9,2024-10-07,1,0FP5GH9JKMEFR3IO
10,2024-11-11,1,0FP5GH9JKMEFR3IO
11,2025-01-13,1,0FP5GH9JKMEFR3IO
0,2024-10-24,1,21YKT3Z82UU19ROS
0,2023-04-01,0,ET411YKUKARAI3I3
1,2023-11-01,1,ET411YKUKARAI3I3
2,2023-12-13,1,ET411YKUKARAI3I3
3,2024-01-05,1,ET411YKUKARAI3I3
4,2024-02-07,1,ET411YKUKARAI3I3
5,2024-03-03,0,ET411YKUKARAI3I3
6,2024-03-07,1,ET411YKUKARAI3I3
7,2024-07-29,1,ET411YKUKARAI3I3
8,2024-10-12,1,ET411YKUKARAI3I3
9,2024-11-17,1,ET411YKUKARAI3I3
10,2024-11-22,0,ET411YKUKARAI3I3
11,2025-04-29,1,ET411YKUKARAI3I3
12,2025-06-05,1,ET411YKUKARAI3I3
13,2025-07-23,0,ET411YKUKARAI3I3
0,2024-04-23,1,EXRXZBR2IYMTH6XZ
1,2024-05-18,1,EXRXZBR2IYMTH6XZ
0,2024-02-13,0,2TFTQXJKJJE1S9S9
1,2024-04-22,1,2TFTQXJKJJE1S9S9
2,2024-05-07,1,2TFTQXJKJJE1S9S9
3,2024-05-28,0,2TFTQXJKJJE1S9S9
0,2024-06-10,1,01VRCU6CW89BKI3N
1,2024-08-18,1,01VRCU6CW89BKI3N
2,2024-12-11,1,01VRCU6CW89BKI3N
3,2025-01-11,1,01VRCU6CW89BKI3N
4,2025-03-11,1,01VRCU6CW89BKI3N
5,2025-04-05,1,01VRCU6CW89BKI3N
0,2022-05-01,1,CFITBAJOFJGYSKN9
1,2022-06-19,1,CFITBAJOFJGYSKN9
0,2022-06-01,1,SYBPLQ7LRZ1UBZH2
0,2025-05-09,1,P489YM34K37H83IF
0,2022-07-18,1,0XFGRJ25WSU1OI3R
1,2022-10-07,1,0XFGRJ25WSU1OI3R
2,2022-12-17,1,0XFGRJ25WSU1OI3R
3,2023-02-16,1,0XFGRJ25WSU1OI3R
4,2023-03-28,1,0XFGRJ25WSU1OI3R
5,2023-04-08,1,0XFGRJ25WSU1OI3R
6,2023-04-24,1,0XFGRJ25WSU1OI3R
7,2023-08-12,1,0XFGRJ25WSU1OI3R
0,2022-11-02,0,SU1TX5JB9JE1SOR9
1,2023-01-06,1,SU1TX5JB9JE1SOR9
2,2024-02-03,1,SU1TX5JB9JE1SOR9
3,2024-05-24,1,SU1TX5JB9JE1SOR9
4,2024-05-30,1,SU1TX5JB9JE1SOR9
5,2024-07-07,1,SU1TX5JB9JE1SOR9
6,2024-07-09,1,SU1TX5JB9JE1SOR9
7,2024-07-17,1,SU1TX5JB9JE1SOR9
0,2022-04-26,1,VFMUHBOX3OCM7F8J
1,2022-05-28,1,VFMUHBOX3OCM7F8J
2,2022-06-03,1,VFMUHBOX3OCM7F8J
3,2022-06-08,1,VFMUHBOX3OCM7F8J
4,2022-06-13,1,VFMUHBOX3OCM7F8J
5,2022-07-11,0,VFMUHBOX3OCM7F8J
6,2022-11-19,1,VFMUHBOX3OCM7F8J
7,2022-12-14,1,VFMUHBOX3OCM7F8J
8,2023-01-04,1,VFMUHBOX3OCM7F8J
9,2023-02-24,1,VFMUHBOX3OCM7F8J
10,2023-05-01,1,VFMUHBOX3OCM7F8J
0,2025-05-31,1,2MEBNFZHZ7U19S9S
1,2025-07-06,1,2MEBNFZHZ7U19S9S
0,2024-07-02,1,GUPQM1FQKFSBN3IK
1,2024-07-13,1,GUPQM1FQKFSBN3IK
2,2024-11-12,1,GUPQM1FQKFSBN3IK
3,2025-01-06,1,GUPQM1FQKFSBN3IK
4,2025-03-20,1,GUPQM1FQKFSBN3IK
5,2025-05-19,1,GUPQM1FQKFSBN3IK
6,2025-06-08,0,GUPQM1FQKFSBN3IK
0,2022-09-16,0,CXO92A7K8ZY4BWQ2
1,2022-11-11,1,CXO92A7K8ZY4BWQ2
2,2023-05-12,1,CXO92A7K8ZY4BWQ2
3,2023-10-31,0,CXO92A7K8ZY4BWQ2
4,2023-11-06,1,CXO92A7K8ZY4BWQ2
5,2023-12-29,0,CXO92A7K8ZY4BWQ2
6,2024-08-13,1,CXO92A7K8ZY4BWQ2
0,2025-03-23,1,24LB5QJAOJE1SJ79
1,2025-05-12,0,24LB5QJAOJE1SJ79
2,2025-07-04,1,24LB5QJAOJE1SJ79
3,2025-07-09,1,24LB5QJAOJE1SJ79
0,2023-01-14,1,PYYXGTLQWIJHFI38
1,2023-03-17,0,PYYXGTLQWIJHFI38
2,2023-03-18,1,PYYXGTLQWIJHFI38
3,2023-03-30,1,PYYXGTLQWIJHFI38
4,2023-06-14,1,PYYXGTLQWIJHFI38
5,2023-08-16,0,PYYXGTLQWIJHFI38
6,2023-09-17,0,PYYXGTLQWIJHFI38
7,2024-01-15,1,PYYXGTLQWIJHFI38
8,2024-01-21,1,PYYXGTLQWIJHFI38
9,2024-03-18,1,PYYXGTLQWIJHFI38
10,2024-04-05,1,PYYXGTLQWIJHFI38
11,2024-07-20,1,PYYXGTLQWIJHFI38
12,2024-07-27,0,PYYXGTLQWIJHFI38
0,2023-01-04,1,GF3AWH95K9E1R3IO
1,2023-06-28,0,GF3AWH95K9E1R3IO
2,2023-07-05,0,GF3AWH95K9E1R3IO
3,2023-08-28,1,GF3AWH95K9E1R3IO
4,2023-09-13,1,GF3AWH95K9E1R3IO
5,2023-10-23,1,GF3AWH95K9E1R3IO
6,2023-12-21,1,GF3AWH95K9E1R3IO
7,2024-01-13,1,GF3AWH95K9E1R3IO
8,2024-02-22,1,GF3AWH95K9E1R3IO
9,2024-06-01,1,GF3AWH95K9E1R3IO
10,2024-10-08,1,GF3AWH95K9E1R3IO
11,2024-10-16,1,GF3AWH95K9E1R3IO
12,2024-10-23,1,GF3AWH95K9E1R3IO
0,2023-06-20,1,VTK56YKQKKRAI3I3
1,2023-08-25,1,VTK56YKQKKRAI3I3
2,2024-03-06,1,VTK56YKQKKRAI3I3
0,2023-06-26,1,VX6H59DXLRTMJ8F7
1,2023-11-04,1,VX6H59DXLRTMJ8F7
2,2024-04-04,1,VX6H59DXLRTMJ8F7
0,2024-09-27,1,STCFDXIHJJE1S9S9
0,2022-07-29,1,G1ACF11KN6B9QL5W
1,2022-08-03,1,G1ACF11KN6B9QL5W
2,2022-08-25,0,G1ACF11KN6B9QL5W
3,2022-10-29,1,G1ACF11KN6B9QL5W
4,2022-12-25,1,G1ACF11KN6B9QL5W
5,2023-02-23,1,G1ACF11KN6B9QL5W
6,2023-03-14,1,G1ACF11KN6B9QL5W
7,2023-03-28,1,G1ACF11KN6B9QL5W
8,2023-05-18,1,G1ACF11KN6B9QL5W
9,2023-06-22,1,G1ACF11KN6B9QL5W
10,2023-06-27,0,G1ACF11KN6B9QL5W
11,2023-08-10,1,G1ACF11KN6B9QL5W
12,2023-08-20,1,G1ACF11KN6B9QL5W
0,2025-06-10,0,PFCF6KIQFJGYSKN9
0,2023-06-05,1,2YT6B73AD7U197JS
1,2023-06-15,1,2YT6B73AD7U197JS
2,2023-08-04,0,2YT6B73AD7U197JS
3,2023-09-12,1,2YT6B73AD7U197JS
4,2023-09-17,1,2YT6B73AD7U197JS
5,2024-01-26,1,2YT6B73AD7U197JS
0,2022-03-28,1,C41U63GQK37H83IF
1,2022-05-06,1,C41U63GQK37H83IF
2,2022-05-19,0,C41U63GQK37H83IF
3,2022-07-09,1,C41U63GQK37H83IF
4,2022-10-18,0,C41U63GQK37H83IF
5,2022-11-05,1,C41U63GQK37H83IF
6,2023-01-27,1,C41U63GQK37H83IF
7,2023-02-10,1,C41U63GQK37H83IF
8,2023-05-13,1,C41U63GQK37H83IF
9,2023-08-13,0,C41U63GQK37H83IF
10,2023-09-14,1,C41U63GQK37H83IF
11,2023-10-21,1,C41U63GQK37H83IF
12,2023-11-04,1,C41U63GQK37H83IF
13,2023-12-26,1,C41U63GQK37H83IF
14,2024-05-22,1,C41U63GQK37H83IF
0,2024-12-25,1,GXDNKLX3N21UAL5D
1,2025-01-03,1,GXDNKLX3N21UAL5D
2,2025-02-13,1,GXDNKLX3N21UAL5D
3,2025-02-25,1,GXDNKLX3N21UAL5D
4,2025-04-03,1,GXDNKLX3N21UAL5D
5,2025-04-19,1,GXDNKLX3N21UAL5D
6,2025-04-30,1,GXDNKLX3N21UAL5D
7,2025-05-16,1,GXDNKLX3N21UAL5D
0,2022-05-04,1,2UQFZOIB9JE1SOR9
1,2022-05-27,1,2UQFZOIB9JE1SOR9
2,2023-01-05,1,2UQFZOIB9JE1SOR9
0,2022-05-28,1,VMC0XITQWNOA3I3I
1,2022-07-13,1,VMC0XITQWNOA3I3I
2,2022-07-29,1,VMC0XITQWNOA3I3I
3,2022-08-08,1,VMC0XITQWNOA3I3I
4,2022-10-22,1,VMC0XITQWNOA3I3I
5,2022-11-09,1,VMC0XITQWNOA3I3I
6,2023-04-28,1,VMC0XITQWNOA3I3I
7,2023-12-30,1,VMC0XITQWNOA3I3I
8,2024-03-02,1,VMC0XITQWNOA3I3I
0,2025-06-28,1,SM91O25J7Z1UB2B2
0,2023-12-10,0,0ULB63EQKFSBN3IK
1,2024-04-08,1,0ULB63EQKFSBN3IK
2,2024-04-19,1,0ULB63EQKFSBN3IK
3,2024-07-24,1,0ULB63EQKFSBN3IK
0,2024-12-01,1,PXXUXN3Q674Y9NKS
1,2024-12-14,1,PXXUXN3Q674Y9NKS
2,2025-02-08,0,PXXUXN3Q674Y9NKS
0,2022-11-14,1,S4414JIAGJE1SJ79
1,2022-11-20,1,S4414JIAGJE1SJ79
0,2024-04-19,1,CYRHRLYKALHJXL56
1,2024-04-22,1,CYRHRLYKALHJXL56
2,2024-05-13,1,CYRHRLYKALHJXL56
3,2024-05-15,1,CYRHRLYKALHJXL56
4,2024-09-11,1,CYRHRLYKALHJXL56
5,2024-10-02,1,CYRHRLYKALHJXL56
6,2024-11-10,0,CYRHRLYKALHJXL56
7,2024-12-10,1,CYRHRLYKALHJXL56
8,2024-12-18,1,CYRHRLYKALHJXL56
9,2025-05-10,1,CYRHRLYKALHJXL56
10,2025-05-12,1,CYRHRLYKALHJXL56
11,2025-06-27,1,CYRHRLYKALHJXL56
12,2025-07-13,1,CYRHRLYKALHJXL56
0,2024-06-14,1,0FTMT385C9E1R3IO
1,2024-07-03,1,0FTMT385C9E1R3IO
2,2024-10-19,1,0FTMT385C9E1R3IO
0,2024-08-18,1,210U0R3B47U19ROS
0,2024-12-05,1,ETGA93CQSKRAI3I3
1,2025-02-09,1,ETGA93CQSKRAI3I3
2,2025-02-16,1,ETGA93CQSKRAI3I3
3,2025-04-16,1,ETGA93CQSKRAI3I3
4,2025-05-17,1,ETGA93CQSKRAI3I3
0,2025-07-06,1,EXAYG6QFYDMTH6XZ
0,2025-03-29,0,2T8J49IHGJE1S9S9
1,2025-06-12,1,2T8J49IHGJE1S9S9
2,2025-07-31,1,2T8J49IHGJE1S9S9
0,2022-09-12,1,01U8ZIUQJ89BKI3N
1,2022-12-05,1,01U8ZIUQJ89BKI3N
2,2023-03-22,0,01U8ZIUQJ89BKI3N
3,2023-08-12,0,01U8ZIUQJ89BKI3N
4,2024-01-07,1,01U8ZIUQJ89BKI3N
5,2024-01-12,1,01U8ZIUQJ89BKI3N
6,2024-07-12,1,01U8ZIUQJ89BKI3N
7,2024-12-15,1,01U8ZIUQJ89BKI3N
0,2024-02-08,1,CF5JUKIQEJGYSKN9
1,2024-05-25,1,CF5JUKIQEJGYSKN9
0,2022-04-01,1,SY2ZGZ5OYZ1UBZH2
1,2022-09-27,1,SY2ZGZ5OYZ1UBZH2
2,2022-11-08,1,SY2ZGZ5OYZ1UBZH2
3,2022-12-29,1,SY2ZGZ5OYZ1UBZH2
4,2023-02-08,1,SY2ZGZ5OYZ1UBZH2
5,2023-05-27,1,SY2ZGZ5OYZ1UBZH2
0,2022-10-18,1,P4X3O3GQR37H83IF
1,2022-11-10,1,P4X3O3GQR37H83IF
2,2023-01-06,1,P4X3O3GQR37H83IF
3,2023-03-12,0,P4X3O3GQR37H83IF
4,2023-03-23,1,P4X3O3GQR37H83IF
5,2023-03-27,1,P4X3O3GQR37H83IF
6,2023-06-23,1,P4X3O3GQR37H83IF
7,2023-07-09,1,P4X3O3GQR37H83IF
8,2023-07-14,1,P4X3O3GQR37H83IF
9,2023-07-17,1,P4X3O3GQR37H83IF
10,2023-08-22,1,P4X3O3GQR37H83IF
11,2023-11-19,1,P4X3O3GQR37H83IF
12,2023-12-01,1,P4X3O3GQR37H83IF
13,2023-12-07,1,P4X3O3GQR37H83IF
14,2023-12-12,0,P4X3O3GQR37H83IF
15,2024-02-12,1,P4X3O3GQR37H83IF
16,2024-04-04,1,P4X3O3GQR37H83IF
17,2024-06-26,1,P4X3O3GQR37H83IF
18,2024-07-01,1,P4X3O3GQR37H83IF
19,2024-10-20,1,P4X3O3GQR37H83IF
0,2024-03-04,1,0X8SPIF5TSU1OI3R
1,2024-04-23,1,0X8SPIF5TSU1OI3R
0,2024-07-09,1,SUVJ4OIBGJE1SOR9
1,2024-09-21,0,SUVJ4OIBGJE1SOR9
2,2024-11-06,1,SUVJ4OIBGJE1SOR9
3,2025-01-09,1,SUVJ4OIBGJE1SOR9
0,2022-07-04,1,EMOWSLMKBWAO5L5L
1,2022-07-28,1,EMOWSLMKBWAO5L5L
2,2022-10-02,1,EMOWSLMKBWAO5L5L
3,2022-10-05,1,EMOWSLMKBWAO5L5L
4,2022-12-25,1,EMOWSLMKBWAO5L5L
5,2023-01-16,1,EMOWSLMKBWAO5L5L
6,2023-04-06,1,EMOWSLMKBWAO5L5L
7,2023-05-06,1,EMOWSLMKBWAO5L5L
8,2023-07-30,1,EMOWSLMKBWAO5L5L
9,2023-08-12,0,EMOWSLMKBWAO5L5L
10,2023-09-23,1,EMOWSLMKBWAO5L5L
11,2023-10-25,1,EMOWSLMKBWAO5L5L
12,2023-11-13,0,EMOWSLMKBWAO5L5L
13,2024-04-09,1,EMOWSLMKBWAO5L5L
14,2024-04-29,1,EMOWSLMKBWAO5L5L
0,2023-11-05,1,VFPO4FNXGOCM7F8J
1,2023-11-17,0,VFPO4FNXGOCM7F8J
2,2024-03-15,1,VFPO4FNXGOCM7F8J
3,2024-05-01,1,VFPO4FNXGOCM7F8J
4,2024-05-26,1,VFPO4FNXGOCM7F8J
5,2024-07-03,0,VFPO4FNXGOCM7F8J
6,2024-07-30,1,VFPO4FNXGOCM7F8J
7,2025-02-17,1,VFPO4FNXGOCM7F8J
8,2025-06-24,0,VFPO4FNXGOCM7F8J
0,2024-05-01,1,2M150M3H47U19S9X
1,2024-05-17,1,2M150M3H47U19S9X
2,2025-02-23,1,2M150M3H47U19S9X
3,2025-03-11,1,2M150M3H47U19S9X
4,2025-03-20,1,2M150M3H47U19S9X
5,2025-06-27,0,2M150M3H47U19S9X
6,2025-06-28,0,2M150M3H47U19S9X
0,2024-11-28,1,CXR3HT5K1ZY4BWQF
0,2022-04-14,1,24358MIAGJE1SJ7X
1,2022-11-17,1,24358MIAGJE1SJ7X
2,2022-12-20,1,24358MIAGJE1SJ7X
0,2024-02-14,1,PY0YUB4QOIJHFI31
1,2024-02-27,0,PY0YUB4QOIJHFI31
2,2024-03-01,1,PY0YUB4QOIJHFI31
3,2024-07-27,0,PY0YUB4QOIJHFI31
4,2024-09-17,1,PY0YUB4QOIJHFI31
5,2024-11-11,1,PY0YUB4QOIJHFI31
6,2025-02-24,1,PY0YUB4QOIJHFI31
7,2025-03-14,1,PY0YUB4QOIJHFI31
0,2022-04-14,1,GFIXSY85C9E1R3IQ
0,2022-10-10,1,VTNMCHCQSKRAI3IY
1,2022-10-20,1,VTNMCHCQSKRAI3IY
2,2022-10-27,1,VTNMCHCQSKRAI3IY
3,2023-02-09,1,VTNMCHCQSKRAI3IY
4,2023-02-18,1,VTNMCHCQSKRAI3IY
5,2023-03-31,1,VTNMCHCQSKRAI3IY
6,2023-04-03,1,VTNMCHCQSKRAI3IY
7,2023-07-04,1,VTNMCHCQSKRAI3IY
8,2023-07-15,1,VTNMCHCQSKRAI3IY
0,2025-02-11,0,VXFQO1KX4RTMJ8F5
1,2025-03-05,1,VXFQO1KX4RTMJ8F5
2,2025-04-03,1,VXFQO1KX4RTMJ8F5
3,2025-04-24,1,VXFQO1KX4RTMJ8F5
0,2022-06-07,1,STM4IMYTGJE1S9MX
1,2022-07-08,0,STM4IMYTGJE1S9MX
2,2022-12-27,1,STM4IMYTGJE1S9MX
3,2023-02-09,1,STM4IMYTGJE1S9MX
4,2023-04-02,0,STM4IMYTGJE1S9MX
5,2023-09-27,1,STM4IMYTGJE1S9MX
6,2023-12-02,1,STM4IMYTGJE1S9MX
7,2023-12-23,1,STM4IMYTGJE1S9MX
8,2024-05-02,0,STM4IMYTGJE1S9MX
9,2024-05-30,1,STM4IMYTGJE1S9MX
0,2025-01-27,1,G1D7YOZRH6B9QLDT
1,2025-02-20,1,G1D7YOZRH6B9QLDT
2,2025-07-31,1,G1D7YOZRH6B9QLDT
0,2024-10-23,1,PFM47MYTEJGYSKMX
0,2024-06-15,0,2YC0FMGP47U197CX
1,2024-07-16,1,2YC0FMGP47U197CX
2,2024-08-29,1,2YC0FMGP47U197CX
3,2024-09-11,1,2YC0FMGP47U197CX
4,2024-10-11,1,2YC0FMGP47U197CX
5,2025-03-09,1,2YC0FMGP47U197CX
6,2025-04-19,0,2YC0FMGP47U197CX
7,2025-05-10,0,2YC0FMGP47U197CX
8,2025-05-12,1,2YC0FMGP47U197CX
0,2025-05-21,0,C4VOEBA9R37H83B1
0,2024-08-25,0,GXOEB4VGM21UAL0K
1,2024-10-22,1,GXOEB4VGM21UAL0K
2,2024-11-02,1,GXOEB4VGM21UAL0K
3,2025-03-13,0,GXOEB4VGM21UAL0K
4,2025-03-22,1,GXOEB4VGM21UAL0K
5,2025-06-24,1,GXOEB4VGM21UAL0K
0,2025-02-18,1,EF3TQ1MUGOCM7F15
1,2025-03-03,0,EF3TQ1MUGOCM7F15
0,2024-05-27,0,SMSAZT0CYZ1UB2PF
1,2024-08-04,1,SMSAZT0CYZ1UB2PF
0,2024-03-02,0,0U35QAHO7FSBN3AM
1,2024-06-05,1,0U35QAHO7FSBN3AM
2,2024-10-14,1,0U35QAHO7FSBN3AM
3,2024-10-25,0,0U35QAHO7FSBN3AM
4,2025-01-08,1,0U35QAHO7FSBN3AM
5,2025-04-30,1,0U35QAHO7FSBN3AM
0,2025-03-14,1,PX6OIMGPU74Y9NCX
1,2025-06-11,1,PX6OIMGPU74Y9NCX
2,2025-07-17,1,PX6OIMGPU74Y9NCX
0,2023-02-19,1,CYAQW9DSALHJXL2U
1,2023-02-28,1,CYAQW9DSALHJXL2U
2,2023-03-14,1,CYAQW9DSALHJXL2U
3,2023-03-22,1,CYAQW9DSALHJXL2U
4,2023-03-29,1,CYAQW9DSALHJXL2U
0,2024-06-21,1,0FCHXY14C9E1R3YQ
1,2024-07-04,0,0FCHXY14C9E1R3YQ
2,2024-07-07,1,0FCHXY14C9E1R3YQ
3,2025-01-17,0,0FCHXY14C9E1R3YQ
0,2025-02-03,1,214OSMGP47U19RCX
1,2025-03-08,1,214OSMGP47U19RCX
0,2023-12-29,0,ETYXQUBJSKMAI3HY
1,2024-02-10,0,ETYXQUBJSKMAI3HY
2,2024-04-05,1,ETYXQUBJSKMAI3HY
3,2024-06-16,1,ETYXQUBJSKMAI3HY
4,2024-08-03,1,ETYXQUBJSKMAI3HY
5,2024-11-05,1,ETYXQUBJSKMAI3HY
6,2025-02-02,1,ETYXQUBJSKMAI3HY
7,2025-03-15,0,ETYXQUBJSKMAI3HY
8,2025-03-18,1,ETYXQUBJSKMAI3HY
9,2025-03-23,1,ETYXQUBJSKMAI3HY
10,2025-05-02,1,ETYXQUBJSKMAI3HY
11,2025-05-13,1,ETYXQUBJSKMAI3HY
0,2023-09-27,1,EXDBW7PEYD2TH6V3
1,2023-10-17,1,EXDBW7PEYD2TH6V3
2,2023-12-24,1,EXDBW7PEYD2TH6V3
3,2024-02-04,1,EXDBW7PEYD2TH6V3
4,2024-02-08,1,EXDBW7PEYD2TH6V3
5,2024-04-14,1,EXDBW7PEYD2TH6V3
6,2024-05-28,0,EXDBW7PEYD2TH6V3
7,2024-06-11,1,EXDBW7PEYD2TH6V3
8,2024-06-21,1,EXDBW7PEYD2TH6V3
9,2024-09-15,1,EXDBW7PEYD2TH6V3
0,2024-05-04,1,2TXKHKYTGJ51S9MX
1,2024-05-21,1,2TXKHKYTGJ51S9MX
2,2024-08-16,1,2TXKHKYTGJ51S9MX
3,2024-08-26,1,2TXKHKYTGJ51S9MX
4,2024-09-03,1,2TXKHKYTGJ51S9MX
5,2024-10-09,1,2TXKHKYTGJ51S9MX
6,2024-10-18,1,2TXKHKYTGJ51S9MX
7,2024-11-29,1,2TXKHKYTGJ51S9MX
8,2025-06-16,1,2TXKHKYTGJ51S9MX
0,2023-12-25,1,01EGNP7DJ8GBKIRM
1,2024-01-05,0,01EGNP7DJ8GBKIRM
2,2024-05-12,1,01EGNP7DJ8GBKIRM
3,2024-11-19,1,01EGNP7DJ8GBKIRM
4,2025-01-07,1,01EGNP7DJ8GBKIRM
5,2025-04-12,0,01EGNP7DJ8GBKIRM
6,2025-04-24,1,01EGNP7DJ8GBKIRM
0,2024-04-06,0,CFLK59YTEJAYSKMX
1,2024-04-28,1,CFLK59YTEJAYSKMX
2,2024-06-09,1,CFLK59YTEJAYSKMX
3,2024-06-18,1,CFLK59YTEJAYSKMX
4,2024-11-30,1,CFLK59YTEJAYSKMX
5,2025-02-05,1,CFLK59YTEJAYSKMX
0,2024-10-01,1,SY9WDI0CYZ6UBZPF
1,2024-12-10,1,SY9WDI0CYZ6UBZPF
2,2025-02-06,1,SY9WDI0CYZ6UBZPF
3,2025-02-08,1,SY9WDI0CYZ6UBZPF
0,2022-06-16,1,0XXI8DE0TS71OIGQ
1,2022-09-14,1,0XXI8DE0TS71OIGQ
2,2023-01-01,1,0XXI8DE0TS71OIGQ
3,2023-03-11,1,0XXI8DE0TS71OIGQ
4,2023-03-12,1,0XXI8DE0TS71OIGQ
0,2023-09-24,1,SUUKVFYTGJQ1SOMX
1,2023-11-29,0,SUUKVFYTGJQ1SOMX
2,2023-12-14,1,SUUKVFYTGJQ1SOMX
3,2024-02-01,1,SUUKVFYTGJQ1SOMX
4,2024-05-04,0,SUUKVFYTGJQ1SOMX
5,2024-05-22,1,SUUKVFYTGJQ1SOMX
6,2024-07-31,1,SUUKVFYTGJQ1SOMX
7,2025-02-11,1,SUUKVFYTGJQ1SOMX
8,2025-07-27,1,SUUKVFYTGJQ1SOMX
0,2025-04-13,1,EMRVOE27BWPO5LZ4
0,2025-01-09,1,VFTFPJMUGOBM7F15
0,2024-05-12,0,2MVM1WGP45I19SCX
1,2024-05-21,1,2MVM1WGP45I19SCX
2,2024-05-22,1,2MVM1WGP45I19SCX
3,2024-08-01,1,2MVM1WGP45I19SCX
4,2024-09-25,1,2MVM1WGP45I19SCX
5,2025-03-31,1,2MVM1WGP45I19SCX
6,2025-05-23,1,2MVM1WGP45I19SCX
0,2024-12-22,1,GUCA2THO71YBN3AM
1,2025-03-06,1,GUCA2THO71YBN3AM
0,2022-10-28,1,CXAT4S0C13D4BWPF
1,2022-11-19,1,CXAT4S0C13D4BWPF
2,2023-01-22,1,CXAT4S0C13D4BWPF
0,2025-05-31,1,24IMV3YTG5X1SJMX
0,2022-05-31,1,PY4BH0R2OYEHFIS1
1,2022-06-14,1,PY4BH0R2OYEHFIS1
0,2022-10-09,1,GF5YVO14CXH1R3YQ
0,2023-03-20,1,S12TU80CY3WUBDPF
1,2023-05-06,1,S12TU80CY3WUBDPF
0,2025-06-15,1,VTQHDUBJSMMAI3HY
1,2025-06-26,0,VTQHDUBJSMMAI3HY
0,2023-11-10,0,STP9VKDTG551S9MX
1,2024-01-15,1,STP9VKDTG551S9MX
2,2024-02-12,1,STP9VKDTG551S9MX
3,2024-04-07,1,STP9VKDTG551S9MX
4,2024-07-07,0,STP9VKDTG551S9MX
5,2024-07-10,1,STP9VKDTG551S9MX
0,2025-07-07,1,G1ON9C3RHU09QLDT
1,2025-07-12,1,G1ON9C3RHU09QLDT
0,2025-06-12,1,PFP909DTE5AYSKMX
0,2024-05-30,1,2YM21LAP458197CX
1,2024-06-04,1,2YM21LAP458197CX
2,2024-06-05,1,2YM21LAP458197CX
3,2024-06-25,0,2YM21LAP458197CX
4,2025-03-11,1,2YM21LAP458197CX
5,2025-04-30,1,2YM21LAP458197CX
0,2022-08-31,0,C4UFT4W9YY1H83B1
1,2022-09-06,1,C4UFT4W9YY1H83B1
0,2024-04-03,1,GXRR7QJG2FZUAL0K
1,2024-05-11,1,GXRR7QJG2FZUAL0K
2,2024-06-21,1,GXRR7QJG2FZUAL0K
3,2025-03-05,1,GXRR7QJG2FZUAL0K
0,2024-05-19,1,2UK93HDTX5Q1SOMX
1,2024-06-20,1,2UK93HDTX5Q1SOMX
2,2024-08-20,1,2UK93HDTX5Q1SOMX
3,2024-09-19,1,2UK93HDTX5Q1SOMX
4,2024-09-20,1,2UK93HDTX5Q1SOMX
0,2023-05-12,1,EFIJ952UAQBM7F15
1,2023-05-16,1,EFIJ952UAQBM7F15
0,2024-02-19,1,SMBX8AOCW3LUB2PF
0,2023-10-13,1,0UIMUXLOM1YBN3AM
1,2023-11-05,1,0UIMUXLOM1YBN3AM
2,2023-12-10,1,0UIMUXLOM1YBN3AM
3,2024-02-21,1,0UIMUXLOM1YBN3AM
4,2024-03-02,0,0UIMUXLOM1YBN3AM
5,2024-03-06,1,0UIMUXLOM1YBN3AM
6,2024-03-09,1,0UIMUXLOM1YBN3AM
7,2024-03-16,1,0UIMUXLOM1YBN3AM
8,2024-05-11,1,0UIMUXLOM1YBN3AM
9,2024-05-15,1,0UIMUXLOM1YBN3AM
10,2024-05-17,1,0UIMUXLOM1YBN3AM
11,2024-11-16,0,0UIMUXLOM1YBN3AM
12,2025-07-29,0,0UIMUXLOM1YBN3AM
0,2022-07-23,1,PXFFDFAP75RY9NCX
1,2022-08-21,1,PXFFDFAP75RY9NCX
2,2022-09-23,1,PXFFDFAP75RY9NCX
3,2022-12-25,1,PXFFDFAP75RY9NCX
4,2023-04-02,1,PXFFDFAP75RY9NCX
5,2023-08-19,1,PXFFDFAP75RY9NCX
6,2023-09-19,1,PXFFDFAP75RY9NCX
0,2023-03-05,0,CYD1CXK104VJXL2U
1,2023-06-03,1,CYD1CXK104VJXL2U
2,2023-06-25,1,CYD1CXK104VJXL2U
3,2023-07-31,1,CYD1CXK104VJXL2U
4,2023-12-07,1,CYD1CXK104VJXL2U
5,2025-04-15,1,CYD1CXK104VJXL2U
0,2023-11-26,1,0FMQJQZABXH1R3YQ
1,2024-01-12,0,0FMQJQZABXH1R3YQ
2,2024-02-03,1,0FMQJQZABXH1R3YQ
3,2024-03-18,1,0FMQJQZABXH1R3YQ
0,2024-10-06,1,21GFLJAK85N19RCX
1,2024-12-10,1,21GFLJAK85N19RCX
2,2024-12-30,0,21GFLJAK85N19RCX
0,2024-06-06,1,ET0Y4X6M1MMAI3HY
1,2024-07-29,1,ET0Y4X6M1MMAI3HY
2,2024-12-18,0,ET0Y4X6M1MMAI3HY
3,2024-12-22,1,ET0Y4X6M1MMAI3HY
4,2025-01-15,1,ET0Y4X6M1MMAI3HY
5,2025-02-02,1,ET0Y4X6M1MMAI3HY
6,2025-02-04,1,ET0Y4X6M1MMAI3HY
7,2025-03-30,1,ET0Y4X6M1MMAI3HY
8,2025-04-01,1,ET0Y4X6M1MMAI3HY
9,2025-07-03,1,ET0Y4X6M1MMAI3HY
0,2022-10-18,1,EXO5S59HDK2TH6V3
0,2025-02-12,1,2T6UFAD5Q551S9MX
1,2025-06-01,1,2T6UFAD5Q551S9MX
0,2024-12-05,0,011SVF54C1GBKIRM
1,2025-02-04,1,011SVF54C1GBKIRM
2,2025-02-11,1,011SVF54C1GBKIRM
0,2022-12-18,1,CF3UNXDBH5AYSKMX
1,2023-02-11,1,CF3UNXDBH5AYSKMX
2,2023-05-26,1,CF3UNXDBH5AYSKMX
3,2023-09-30,0,CF3UNXDBH5AYSKMX
4,2023-10-03,1,CF3UNXDBH5AYSKMX
5,2023-10-30,1,CF3UNXDBH5AYSKMX
0,2022-10-09,1,SYSVHBOXL36UBZPF
1,2022-12-12,1,SYSVHBOXL36UBZPF
2,2022-12-13,1,SYSVHBOXL36UBZPF
0,2023-11-10,1,P4FJIXW1YY1H83B1
1,2023-12-05,1,P4FJIXW1YY1H83B1
2,2023-12-17,1,P4FJIXW1YY1H83B1
3,2024-04-27,1,P4FJIXW1YY1H83B1
4,2024-06-18,1,P4FJIXW1YY1H83B1
0,2024-07-17,1,0X6C3KHOSX71OIGQ
1,2024-08-12,1,0X6C3KHOSX71OIGQ
2,2024-09-19,1,0X6C3KHOSX71OIGQ
0,2024-06-30,1,SUEURHDQX5Q1SOMX
1,2024-08-09,1,SUEURHDQX5Q1SOMX
0,2025-02-06,1,VFC4852HAQBM7F15
1,2025-02-15,0,VFC4852HAQBM7F15
2,2025-06-06,1,VFC4852HAQBM7F15
3,2025-06-07,1,VFC4852HAQBM7F15
4,2025-07-15,1,VFC4852HAQBM7F15
0,2024-10-26,1,2MUH9OA3N5I19MCX
1,2025-01-15,1,2MUH9OA3N5I19MCX
2,2025-05-14,0,2MUH9OA3N5I19MCX
3,2025-06-13,1,2MUH9OA3N5I19MCX
4,2025-07-08,0,2MUH9OA3N5I19MCX
0,2024-06-30,1,GUMXIXLYM1YTNAAM
1,2024-11-08,1,GUMXIXLYM1YTNAAM
2,2024-11-22,1,GUMXIXLYM1YTNAAM
0,2024-01-23,1,CXDJQXOBZ3DRBTPF
1,2024-02-28,0,CXDJQXOBZ3DRBTPF
2,2024-04-06,1,CXDJQXOBZ3DRBTPF
3,2024-04-09,0,CXDJQXOBZ3DRBTPF
4,2024-06-03,1,CXDJQXOBZ3DRBTPF
5,2024-07-19,1,CXDJQXOBZ3DRBTPF
0,2023-10-23,1,245H74DX55X3SMMX
1,2023-11-14,1,245H74DX55X3SMMX
2,2023-12-08,1,245H74DX55X3SMMX
3,2023-12-28,1,245H74DX55X3SMMX
4,2024-01-05,1,245H74DX55X3SMMX
5,2024-01-21,1,245H74DX55X3SMMX
0,2022-03-22,1,PYG53RQUGYE0FBS1
1,2022-05-29,1,PYG53RQUGYE0FBS1
2,2022-09-05,1,PYG53RQUGYE0FBS1
3,2022-11-25,1,PYG53RQUGYE0FBS1
4,2022-12-02,1,PYG53RQUGYE0FBS1
5,2022-12-21,1,PYG53RQUGYE0FBS1
6,2023-07-29,1,PYG53RQUGYE0FBS1
7,2023-09-14,1,PYG53RQUGYE0FBS1
8,2023-10-07,1,PYG53RQUGYE0FBS1
9,2023-11-27,1,PYG53RQUGYE0FBS1
10,2023-12-04,1,PYG53RQUGYE0FBS1
11,2023-12-22,1,PYG53RQUGYE0FBS1
12,2024-01-13,1,PYG53RQUGYE0FBS1
13,2024-03-10,1,PYG53RQUGYE0FBS1
0,2022-10-27,1,GFLBITZABXHJRYYQ
1,2022-10-28,1,GFLBITZABXHJRYYQ
2,2023-04-04,0,GFLBITZABXHJRYYQ
3,2023-08-27,1,GFLBITZABXHJRYYQ
4,2024-02-16,1,GFLBITZABXHJRYYQ
5,2024-07-29,1,GFLBITZABXHJRYYQ
0,2022-09-06,0,VTWQI96M1MMUIHHY
1,2022-12-24,0,VTWQI96M1MMUIHHY
0,2022-07-14,0,VXXAFGBJRQS2J1E5
1,2022-07-17,1,VXXAFGBJRQS2J1E5
2,2022-08-05,1,VXXAFGBJRQS2J1E5
3,2022-08-06,1,VXXAFGBJRQS2J1E5
4,2022-09-22,0,VXXAFGBJRQS2J1E5
5,2023-01-21,1,VXXAFGBJRQS2J1E5
6,2023-01-25,1,VXXAFGBJRQS2J1E5
7,2023-02-02,1,VXXAFGBJRQS2J1E5
8,2023-03-13,1,VXXAFGBJRQS2J1E5
0,2022-12-16,0,STT3M4K5Q55KXMMX
0,2024-07-11,1,G1REDZGYPU0CPODT
1,2024-09-11,1,G1REDZGYPU0CPODT
0,2025-02-10,1,PFT3MUKBH5AOXMMX
0,2023-01-08,1,2YPLCGWFI58L8MCX
1,2023-01-29,1,2YPLCGWFI58L8MCX
2,2023-02-24,1,2YPLCGWFI58L8MCX
3,2023-03-26,1,2YPLCGWFI58L8MCX
4,2023-07-09,1,2YPLCGWFI58L8MCX
5,2024-05-08,1,2YPLCGWFI58L8MCX
6,2024-07-28,1,2YPLCGWFI58L8MCX
7,2024-08-17,1,2YPLCGWFI58L8MCX
0,2025-04-28,1,C4E4BOT1YY141BB1
1,2025-06-17,1,C4E4BOT1YY141BB1
2,2025-07-28,1,C4E4BOT1YY141BB1
0,2023-08-04,1,GXA80PIA2FZ7W40K
1,2023-08-22,1,GXA80PIA2FZ7W40K
2,2023-09-03,0,GXA80PIA2FZ7W40K
3,2023-09-09,1,GXA80PIA2FZ7W40K
4,2023-10-17,1,GXA80PIA2FZ7W40K
0,2022-02-12,1,2UN3M4KQX5QFXMMX
1,2022-04-14,1,2UN3M4KQX5QFXMMX
0,2023-11-14,1,VMTP7SVTEMCVGH7Y
1,2023-11-27,0,VMTP7SVTEMCVGH7Y
2,2024-05-12,1,VMTP7SVTEMCVGH7Y
3,2024-08-22,1,VMTP7SVTEMCVGH7Y
4,2024-09-23,1,VMTP7SVTEMCVGH7Y
0,2023-05-21,1,EF5K14FHAQB95115
1,2023-06-30,1,EF5K14FHAQB95115
2,2023-07-17,1,EF5K14FHAQB95115
3,2023-08-16,1,EF5K14FHAQB95115
4,2023-09-10,0,EF5K14FHAQB95115
5,2024-01-16,0,EF5K14FHAQB95115
6,2024-04-11,1,EF5K14FHAQB95115
7,2024-05-24,1,EF5K14FHAQB95115
8,2025-03-12,1,EF5K14FHAQB95115
9,2025-06-06,1,EF5K14FHAQB95115
10,2025-06-24,1,EF5K14FHAQB95115
0,2022-12-22,1,SM2YP0N5W3LN6TPF
1,2023-01-12,1,SM2YP0N5W3LN6TPF
2,2023-05-20,1,SM2YP0N5W3LN6TPF
0,2023-11-19,0,PX84CEW975RD8MCX
1,2023-12-22,1,PX84CEW975RD8MCX
2,2024-01-21,0,PX84CEW975RD8MCX
3,2024-01-26,1,PX84CEW975RD8MCX
4,2024-08-09,1,PX84CEW975RD8MCX
5,2024-09-29,0,PX84CEW975RD8MCX
6,2025-04-08,1,PX84CEW975RD8MCX
7,2025-04-30,1,PX84CEW975RD8MCX
0,2024-06-23,0,S40YM4KX55X3XMMX
1,2024-08-22,1,S40YM4KX55X3XMMX
2,2024-09-20,0,S40YM4KX55X3XMMX
3,2024-10-31,1,S40YM4KX55X3XMMX
4,2025-01-31,1,S40YM4KX55X3XMMX
5,2025-03-01,1,S40YM4KX55X3XMMX
0,2024-10-06,1,CYOA2DC104VGV92U
1,2024-11-11,1,CYOA2DC104VGV92U
2,2024-11-24,1,CYOA2DC104VGV92U
3,2025-01-09,1,CYOA2DC104VGV92U
4,2025-01-11,1,CYOA2DC104VGV92U
5,2025-01-27,1,CYOA2DC104VGV92U
6,2025-04-17,1,CYOA2DC104VGV92U
7,2025-05-17,0,CYOA2DC104VGV92U
8,2025-05-27,1,CYOA2DC104VGV92U
9,2025-07-15,1,CYOA2DC104VGV92U
0,2024-06-14,1,0FP1YT3ABXHJQYYQ
1,2024-07-30,1,0FP1YT3ABXHJQYYQ
2,2024-10-06,1,0FP1YT3ABXHJQYYQ
3,2024-11-21,1,0FP1YT3ABXHJQYYQ
4,2024-12-27,1,0FP1YT3ABXHJQYYQ
5,2025-03-09,1,0FP1YT3ABXHJQYYQ
6,2025-04-19,1,0FP1YT3ABXHJQYYQ
0,2023-02-19,1,21Y4CGWK85N68MCX
1,2023-02-20,1,21Y4CGWK85N68MCX
2,2023-03-18,1,21Y4CGWK85N68MCX
3,2023-03-22,1,21Y4CGWK85N68MCX
0,2023-06-08,1,ET4BV9UM1MMUYHHY
1,2023-12-10,0,ET4BV9UM1MMUYHHY
2,2024-04-02,1,ET4BV9UM1MMUYHHY
3,2024-06-20,1,ET4BV9UM1MMUYHHY
4,2024-08-19,0,ET4BV9UM1MMUYHHY
5,2024-10-20,1,ET4BV9UM1MMUYHHY
6,2024-11-25,1,ET4BV9UM1MMUYHHY
7,2024-12-15,1,ET4BV9UM1MMUYHHY
0,2023-07-16,1,2TFOW4K5Q55KXMMX
1,2023-09-30,1,2TFOW4K5Q55KXMMX
2,2023-11-17,1,2TFOW4K5Q55KXMMX
3,2023-11-22,1,2TFOW4K5Q55KXMMX
4,2024-03-19,1,2TFOW4K5Q55KXMMX
5,2024-07-21,1,2TFOW4K5Q55KXMMX
6,2025-01-08,0,2TFOW4K5Q55KXMMX
7,2025-04-30,1,2TFOW4K5Q55KXMMX
0,2022-05-20,1,SYBD3FNXL36I6TPF
1,2022-06-23,1,SYBD3FNXL36I6TPF
2,2022-11-08,0,SYBD3FNXL36I6TPF
3,2023-01-08,1,SYBD3FNXL36I6TPF
4,2023-01-20,0,SYBD3FNXL36I6TPF
5,2023-02-12,1,SYBD3FNXL36I6TPF
0,2024-12-05,1,P48K01T1YY141BB1
1,2025-01-16,1,P48K01T1YY141BB1
2,2025-02-13,1,P48K01T1YY141BB1
3,2025-03-29,1,P48K01T1YY141BB1
4,2025-06-26,1,P48K01T1YY141BB1
0,2022-06-17,0,0XF7ABLOSX7ZNYGQ
1,2022-08-13,1,0XF7ABLOSX7ZNYGQ
2,2022-10-05,0,0XF7ABLOSX7ZNYGQ
3,2022-10-21,1,0XF7ABLOSX7ZNYGQ
0,2023-07-28,1,EMD6UTEMVTPE0JZ4
0,2024-02-24,1,2MEQQ5WSN5IW8MCX
1,2024-04-04,1,2MEQQ5WSN5IW8MCX
2,2024-04-25,0,2MEQQ5WSN5IW8MCX
3,2024-05-08,1,2MEQQ5WSN5IW8MCX
4,2024-06-03,0,2MEQQ5WSN5IW8MCX
5,2024-07-15,1,2MEQQ5WSN5IW8MCX
6,2024-07-24,0,2MEQQ5WSN5IW8MCX
0,2023-09-20,1,GUPYPY43M1YTMAAM
1,2023-12-17,1,GUPYPY43M1YTMAAM
2,2024-06-21,1,GUPYPY43M1YTMAAM
3,2024-08-14,1,GUPYPY43M1YTMAAM
0,2022-06-24,0,CXOK9JN6Z3DR6TPF
1,2022-12-03,1,CXOK9JN6Z3DR6TPF
2,2023-01-09,1,CXOK9JN6Z3DR6TPF
3,2023-07-28,1,CXOK9JN6Z3DR6TPF
4,2024-07-21,0,CXOK9JN6Z3DR6TPF
0,2022-08-01,1,24LQLXKJ55X3XMMX
1,2023-06-18,1,24LQLXKJ55X3XMMX
2,2023-08-07,0,24LQLXKJ55X3XMMX
3,2023-11-12,0,24LQLXKJ55X3XMMX
4,2023-12-17,1,24LQLXKJ55X3XMMX
5,2024-03-03,1,24LQLXKJ55X3XMMX
6,2024-03-08,1,24LQLXKJ55X3XMMX
0,2024-09-10,0,PYYMY1PIGYE0EBS1
1,2024-09-20,1,PYYMY1PIGYE0EBS1
0,2023-06-23,1,GF35KB3K6XHJQYYQ
1,2023-07-01,1,GF35KB3K6XHJQYYQ
2,2023-07-06,1,GF35KB3K6XHJQYYQ
3,2023-10-15,1,GF35KB3K6XHJQYYQ
4,2023-11-22,1,GF35KB3K6XHJQYYQ
5,2024-01-15,1,GF35KB3K6XHJQYYQ
0,2023-03-13,1,S1SK7KNDO3W86TPF
1,2023-04-25,1,S1SK7KNDO3W86TPF
0,2025-02-13,1,VTK1FMU3LMMUYHHY
1,2025-03-08,0,VTK1FMU3LMMUYHHY
2,2025-05-16,1,VTK1FMU3LMMUYHHY
0,2022-12-02,0,VX6XLA6IQQS2I1E5
1,2023-02-28,1,VX6XLA6IQQS2I1E5
0,2022-05-20,0,STCTO5C9245KXMMX
1,2022-06-20,0,STCTO5C9245KXMMX
2,2022-06-26,0,STCTO5C9245KXMMX
3,2022-06-29,0,STCTO5C9245KXMMX
0,2023-11-13,1,G1AR84AL370CPODT
1,2024-01-08,1,G1AR84AL370CPODT
2,2024-01-17,1,G1AR84AL370CPODT
3,2024-05-04,1,G1AR84AL370CPODT
0,2023-06-29,1,PFCTFHCFL4AOXMMX
1,2023-07-15,1,PFCTFHCFL4AOXMMX
2,2023-07-17,1,PFCTFHCFL4AOXMMX
3,2023-07-29,1,PFCTFHCFL4AOXMMX
4,2023-07-30,1,PFCTFHCFL4AOXMMX
5,2023-08-14,1,PFCTFHCFL4AOXMMX
6,2023-09-16,1,PFCTFHCFL4AOXMMX
7,2023-09-19,1,PFCTFHCFL4AOXMMX
8,2023-10-11,1,PFCTFHCFL4AOXMMX
9,2023-11-14,1,PFCTFHCFL4AOXMMX
0,2022-08-28,1,2YTP2XT7H08L8MCX
1,2022-09-27,1,2YTP2XT7H08L8MCX
2,2023-01-08,1,2YTP2XT7H08L8MCX
3,2023-04-04,1,2YTP2XT7H08L8MCX
4,2023-04-21,1,2YTP2XT7H08L8MCX
5,2023-04-27,1,2YTP2XT7H08L8MCX
6,2023-05-30,1,2YTP2XT7H08L8MCX
7,2023-06-01,1,2YTP2XT7H08L8MCX
8,2023-10-11,1,2YTP2XT7H08L8MCX
0,2022-10-12,0,C419F1S3LO141BB1
1,2023-06-09,1,C419F1S3LO141BB1
2,2023-09-14,1,C419F1S3LO141BB1
3,2023-10-14,1,C419F1S3LO141BB1
4,2023-11-28,1,C419F1S3LO141BB1
5,2024-01-19,1,C419F1S3LO141BB1
0,2024-03-15,0,GXDGN9YWFEZ7W40K
1,2024-08-14,1,GXDGN9YWFEZ7W40K
2,2024-10-08,1,GXDGN9YWFEZ7W40K
3,2024-12-06,1,GXDGN9YWFEZ7W40K
4,2024-12-12,1,GXDGN9YWFEZ7W40K
5,2024-12-29,1,GXDGN9YWFEZ7W40K
6,2025-01-30,1,GXDGN9YWFEZ7W40K
7,2025-02-09,1,GXDGN9YWFEZ7W40K
8,2025-02-11,1,GXDGN9YWFEZ7W40K
9,2025-05-27,1,GXDGN9YWFEZ7W40K
10,2025-07-08,1,GXDGN9YWFEZ7W40K
0,2025-02-24,1,2UQTJQCOD4QFXMMX
1,2025-05-19,1,2UQTJQCOD4QFXMMX
0,2025-02-13,1,VMCZ6MJI52CVGH7Y
1,2025-04-11,0,VMCZ6MJI52CVGH7Y
2,2025-07-30,1,VMCZ6MJI52CVGH7Y
0,2023-10-25,1,EFLU3KE3WT695115
1,2023-12-02,0,EFLU3KE3WT695115
2,2024-01-22,1,EFLU3KE3WT695115
3,2024-05-01,1,EFLU3KE3WT695115
4,2024-05-07,0,EFLU3KE3WT695115
5,2024-05-16,0,EFLU3KE3WT695115
6,2024-07-14,1,EFLU3KE3WT695115
7,2024-08-02,1,EFLU3KE3WT695115
8,2024-09-16,1,EFLU3KE3WT695115
9,2024-11-12,1,EFLU3KE3WT695115
10,2025-02-24,1,EFLU3KE3WT695115
11,2025-03-12,1,EFLU3KE3WT695115
12,2025-04-29,1,EFLU3KE3WT695115
0,2024-10-20,1,SM9BR7M29GON6TPF
1,2024-11-16,1,SM9BR7M29GON6TPF
2,2024-12-30,1,SM9BR7M29GON6TPF
3,2025-02-08,1,SM9BR7M29GON6TPF
4,2025-03-13,1,SM9BR7M29GON6TPF
0,2023-08-28,1,0ULQFKR3LJ6TMAAM
1,2024-01-07,1,0ULQFKR3LJ6TMAAM
2,2024-01-31,0,0ULQFKR3LJ6TMAAM
3,2024-05-19,1,0ULQFKR3LJ6TMAAM
4,2024-06-29,1,0ULQFKR3LJ6TMAAM
5,2024-07-07,1,0ULQFKR3LJ6TMAAM
6,2024-08-07,1,0ULQFKR3LJ6TMAAM
7,2024-11-04,1,0ULQFKR3LJ6TMAAM
8,2024-12-20,1,0ULQFKR3LJ6TMAAM
9,2025-02-15,1,0ULQFKR3LJ6TMAAM
10,2025-05-10,1,0ULQFKR3LJ6TMAAM
11,2025-07-14,1,0ULQFKR3LJ6TMAAM
0,2022-06-19,1,PXX96LT850QD8MCX
1,2022-10-02,0,PXX96LT850QD8MCX
2,2023-10-04,0,PXX96LT850QD8MCX
3,2023-10-27,1,PXX96LT850QD8MCX
4,2024-03-25,0,PXX96LT850QD8MCX
0,2024-06-23,0,S44BGOCJZ423XMMX
1,2024-10-17,0,S44BGOCJZ423XMMX
0,2022-07-13,1,CYRXANBL3RFGV92U
1,2022-09-15,1,CYRXANBL3RFGV92U
2,2022-09-18,1,CYRXANBL3RFGV92U
3,2022-09-23,1,CYRXANBL3RFGV92U
0,2022-09-11,1,210942TRA0H68MCX
0,2023-07-20,1,ETG5SK73L96UYHHY
1,2023-12-16,1,ETG5SK73L96UYHHY
2,2024-05-21,0,ETG5SK73L96UYHHY
3,2024-06-24,1,ETG5SK73L96UYHHY
4,2024-09-01,1,ETG5SK73L96UYHHY
5,2024-11-08,1,ETG5SK73L96UYHHY
6,2024-11-13,0,ETG5SK73L96UYHHY
7,2024-12-11,1,ETG5SK73L96UYHHY
8,2025-02-12,1,ETG5SK73L96UYHHY
0,2025-07-07,1,EXAHYN1LKCFSLUV3
0,2024-09-17,1,2T8FGJC924DKXMMX
0,2024-03-09,0,01UCJWOI5ZXPCARM
1,2024-03-28,1,01UCJWOI5ZXPCARM
2,2024-05-21,1,01UCJWOI5ZXPCARM
3,2024-08-26,1,01UCJWOI5ZXPCARM
4,2024-08-31,1,01UCJWOI5ZXPCARM
5,2024-09-29,1,01UCJWOI5ZXPCARM
6,2024-10-02,1,01UCJWOI5ZXPCARM
7,2024-10-19,1,01UCJWOI5ZXPCARM
8,2024-12-21,1,01UCJWOI5ZXPCARM
9,2025-01-13,1,01UCJWOI5ZXPCARM
10,2025-05-01,1,01UCJWOI5ZXPCARM
11,2025-07-02,1,01UCJWOI5ZXPCARM
0,2024-08-12,1,CF5FE3CFL4WOXMMX
1,2024-08-15,1,CF5FE3CFL4WOXMMX
2,2024-08-16,0,CF5FE3CFL4WOXMMX
3,2024-08-27,1,CF5FE3CFL4WOXMMX
4,2024-09-03,1,CF5FE3CFL4WOXMMX
5,2024-09-15,1,CF5FE3CFL4WOXMMX
6,2024-10-05,1,CF5FE3CFL4WOXMMX
7,2024-11-16,1,CF5FE3CFL4WOXMMX
8,2025-01-12,1,CF5FE3CFL4WOXMMX
9,2025-02-19,1,CF5FE3CFL4WOXMMX
10,2025-03-05,1,CF5FE3CFL4WOXMMX
11,2025-03-07,1,CF5FE3CFL4WOXMMX
12,2025-03-26,1,CF5FE3CFL4WOXMMX
13,2025-05-06,1,CF5FE3CFL4WOXMMX
14,2025-05-15,1,CF5FE3CFL4WOXMMX
15,2025-07-02,1,CF5FE3CFL4WOXMMX
16,2025-07-15,1,CF5FE3CFL4WOXMMX
0,2023-01-14,1,SY26YRMZJG9I6TPF
1,2023-06-06,1,SY26YRMZJG9I6TPF
2,2023-06-10,1,SY26YRMZJG9I6TPF
0,2024-10-01,0,P4XURKS3LO641BB1
1,2025-02-26,0,P4XURKS3LO641BB1
2,2025-04-30,0,P4XURKS3LO641BB1
3,2025-05-04,1,P4XURKS3LO641BB1
4,2025-06-04,1,P4XURKS3LO641BB1
5,2025-06-08,1,P4XURKS3LO641BB1
0,2022-06-09,0,0X8NT64NXV5ZNYGQ
1,2023-07-04,1,0X8NT64NXV5ZNYGQ
2,2023-08-17,0,0X8NT64NXV5ZNYGQ
3,2023-09-24,1,0X8NT64NXV5ZNYGQ
4,2024-02-15,1,0X8NT64NXV5ZNYGQ
0,2024-03-04,1,SUVFG9COD4ZFXMMX
0,2022-08-16,1,EMO0BNHL3SFE0JZ4
1,2022-09-24,1,EMO0BNHL3SFE0JZ4
2,2022-11-15,1,EMO0BNHL3SFE0JZ4
3,2022-11-29,1,EMO0BNHL3SFE0JZ4
4,2023-01-11,1,EMO0BNHL3SFE0JZ4
5,2023-02-16,1,EMO0BNHL3SFE0JZ4
6,2023-03-12,1,EMO0BNHL3SFE0JZ4
7,2023-06-26,1,EMO0BNHL3SFE0JZ4
8,2023-07-23,1,EMO0BNHL3SFE0JZ4
9,2023-07-31,1,EMO0BNHL3SFE0JZ4
0,2024-08-06,1,VFP3GKE3WT695115
0,2022-06-21,1,2M114ZTSB0AW8MCX
1,2022-07-13,1,2M114ZTSB0AW8MCX
2,2022-07-23,0,2M114ZTSB0AW8MCX
3,2023-01-01,1,2M114ZTSB0AW8MCX
4,2023-01-29,1,2M114ZTSB0AW8MCX
5,2023-03-08,1,2M114ZTSB0AW8MCX
6,2023-03-20,1,2M114ZTSB0AW8MCX
7,2023-07-23,1,2M114ZTSB0AW8MCX
8,2023-08-03,1,2M114ZTSB0AW8MCX
9,2023-11-18,0,2M114ZTSB0AW8MCX
10,2023-11-24,1,2M114ZTSB0AW8MCX
11,2023-11-26,1,2M114ZTSB0AW8MCX
12,2023-11-29,1,2M114ZTSB0AW8MCX
13,2024-06-30,1,2M114ZTSB0AW8MCX
0,2024-02-11,1,GUTBYKR3LJ6TMAAM
1,2024-03-09,1,GUTBYKR3LJ6TMAAM
2,2024-03-28,1,GUTBYKR3LJ6TMAAM
0,2024-09-20,1,CXRUZIM63GKR6TPF
1,2025-01-19,1,CXRUZIM63GKR6TPF
2,2025-04-29,1,CXRUZIM63GKR6TPF
0,2024-01-25,1,2431XOCJZ423XMMX
1,2024-01-30,1,2431XOCJZ423XMMX
2,2024-03-03,1,2431XOCJZ423XMMX
3,2024-04-23,1,2431XOCJZ423XMMX
0,2024-05-02,1,PY0HEW9I5DX0EBS1
1,2024-05-14,1,PY0HEW9I5DX0EBS1
2,2024-05-17,1,PY0HEW9I5DX0EBS1
3,2024-11-17,1,PY0HEW9I5DX0EBS1
4,2025-02-17,1,PY0HEW9I5DX0EBS1
5,2025-04-08,1,PY0HEW9I5DX0EBS1
6,2025-05-10,0,PY0HEW9I5DX0EBS1
7,2025-05-19,1,PY0HEW9I5DX0EBS1
8,2025-06-22,1,PY0HEW9I5DX0EBS1
9,2025-07-21,0,PY0HEW9I5DX0EBS1
0,2022-08-13,0,GFIMBFGK6ULJQYYQ
1,2022-08-23,1,GFIMBFGK6ULJQYYQ
0,2023-10-06,1,S1BUW1MDOGJ86TPF
1,2023-11-11,1,S1BUW1MDOGJ86TPF
2,2023-12-06,1,S1BUW1MDOGJ86TPF
3,2023-12-13,1,S1BUW1MDOGJ86TPF
4,2023-12-28,1,S1BUW1MDOGJ86TPF
0,2022-05-09,1,VTNAMA73L96UYHHY
1,2022-05-19,1,VTNAMA73L96UYHHY
2,2022-07-10,1,VTNAMA73L96UYHHY
3,2022-07-11,1,VTNAMA73L96UYHHY
0,2024-01-18,1,VXFYRTUIQPX2I1E5
1,2024-04-13,1,VXFYRTUIQPX2I1E5
2,2024-06-15,1,VXFYRTUIQPX2I1E5
3,2024-09-21,1,VXFYRTUIQPX2I1E5
4,2024-10-26,0,VXFYRTUIQPX2I1E5
5,2025-02-11,1,VXFYRTUIQPX2I1E5
6,2025-03-06,1,VXFYRTUIQPX2I1E5
7,2025-04-23,1,VXFYRTUIQPX2I1E5
8,2025-06-08,1,VXFYRTUIQPX2I1E5
0,2023-08-03,0,STMJ51B924DKXMMX
0,2022-04-28,1,G1D80BWL37FCPODT
1,2022-05-04,1,G1D80BWL37FCPODT
2,2022-05-23,0,G1D80BWL37FCPODT
3,2022-06-26,0,G1D80BWL37FCPODT
0,2024-01-25,1,PFMJHYBFL4WOXMMX
1,2024-01-29,1,PFMJHYBFL4WOXMMX
2,2024-01-30,1,PFMJHYBFL4WOXMMX
3,2024-03-19,1,PFMJHYBFL4WOXMMX
4,2024-07-10,1,PFMJHYBFL4WOXMMX
5,2024-07-18,1,PFMJHYBFL4WOXMMX
6,2024-09-03,1,PFMJHYBFL4WOXMMX
7,2024-10-23,1,PFMJHYBFL4WOXMMX
8,2024-11-04,1,PFMJHYBFL4WOXMMX
9,2024-11-12,1,PFMJHYBFL4WOXMMX
10,2024-12-03,1,PFMJHYBFL4WOXMMX
11,2025-01-04,1,PFMJHYBFL4WOXMMX
12,2025-01-27,1,PFMJHYBFL4WOXMMX
13,2025-01-28,1,PFMJHYBFL4WOXMMX
14,2025-04-25,1,PFMJHYBFL4WOXMMX
15,2025-07-04,0,PFMJHYBFL4WOXMMX
16,2025-07-23,1,PFMJHYBFL4WOXMMX
0,2024-04-07,1,2YCZ8USYH0BL8MCX
1,2024-10-13,0,2YCZ8USYH0BL8MCX
2,2024-10-17,1,2YCZ8USYH0BL8MCX
0,2022-10-23,1,C4V31HXALO641BB1
0,2025-04-12,1,GXOS21DTFE37W40K
0,2025-03-21,1,2UWJQ1BYD4ZFXMMX
1,2025-04-28,1,2UWJQ1BYD4ZFXMMX
0,2022-05-18,1,VMMWCOIB52XVGH7Y
1,2022-05-22,0,VMMWCOIB52XVGH7Y
2,2022-08-30,1,VMMWCOIB52XVGH7Y
3,2023-02-02,0,VMMWCOIB52XVGH7Y
4,2023-02-10,0,VMMWCOIB52XVGH7Y
5,2023-03-22,1,VMMWCOIB52XVGH7Y
6,2023-04-08,1,VMMWCOIB52XVGH7Y
7,2023-07-14,1,VMMWCOIB52XVGH7Y
8,2023-09-07,1,VMMWCOIB52XVGH7Y
9,2023-10-31,1,VMMWCOIB52XVGH7Y
10,2024-03-29,1,VMMWCOIB52XVGH7Y
11,2024-05-20,0,VMMWCOIB52XVGH7Y
0,2022-11-11,1,EF3OWMHYWT695115
1,2023-01-07,1,EF3OWMHYWT695115
2,2023-02-15,1,EF3OWMHYWT695115
3,2023-03-02,1,EF3OWMHYWT695115
4,2023-04-01,1,EF3OWMHYWT695115
5,2023-05-18,1,EF3OWMHYWT695115
6,2023-06-30,1,EF3OWMHYWT695115
7,2023-09-10,1,EF3OWMHYWT695115
8,2023-09-22,1,EF3OWMHYWT695115
9,2023-12-06,1,EF3OWMHYWT695115
10,2023-12-10,0,EF3OWMHYWT695115
0,2022-09-28,0,SMS5J1249GON6TPF
1,2022-10-18,1,SMS5J1249GON6TPF
0,2024-06-20,1,0U31WBQHLJ6TMAAM
1,2024-07-10,1,0U31WBQHLJ6TMAAM
0,2025-05-29,1,PX6354S150QD8MCX
1,2025-07-20,0,PX6354S150QD8MCX
2,2025-07-22,1,PX6354S150QD8MCX
0,2024-11-13,0,S4G5D1BYZ423XMMX
1,2024-12-13,1,S4G5D1BYZ423XMMX
2,2025-01-01,1,S4G5D1BYZ423XMMX
3,2025-04-10,1,S4G5D1BYZ423XMMX
4,2025-07-05,1,S4G5D1BYZ423XMMX
0,2024-12-03,0,CYAYKH6O3RFGV92U
1,2024-12-14,1,CYAYKH6O3RFGV92U
2,2025-01-29,1,CYAYKH6O3RFGV92U
3,2025-03-26,0,CYAYKH6O3RFGV92U
4,2025-07-18,1,CYAYKH6O3RFGV92U
0,2023-03-16,1,0FCX61AM6ULJQYYQ
1,2023-07-23,1,0FCX61AM6ULJQYYQ
2,2023-09-10,1,0FCX61AM6ULJQYYQ
3,2023-11-09,1,0FCX61AM6ULJQYYQ
4,2023-11-13,1,0FCX61AM6ULJQYYQ
5,2023-11-16,1,0FCX61AM6ULJQYYQ
6,2023-11-26,1,0FCX61AM6ULJQYYQ
7,2023-12-17,1,0FCX61AM6ULJQYYQ
8,2024-03-26,1,0FCX61AM6ULJQYYQ
9,2024-06-30,1,0FCX61AM6ULJQYYQ
10,2024-07-28,0,0FCX61AM6ULJQYYQ
11,2024-10-28,0,0FCX61AM6ULJQYYQ
12,2024-11-16,1,0FCX61AM6ULJQYYQ
13,2025-07-12,1,0FCX61AM6ULJQYYQ
0,2022-06-27,1,2143BUSYA0H68MCX
1,2022-06-29,1,2143BUSYA0H68MCX
0,2023-03-10,0,ETYMWA5BL96UYHHY
1,2023-05-18,0,ETYMWA5BL96UYHHY
0,2022-03-06,0,EXDQKMZ4KCFSLUV3
1,2022-03-22,1,EXDQKMZ4KCFSLUV3
2,2022-04-22,1,EXDQKMZ4KCFSLUV3
3,2022-05-21,1,EXDQKMZ4KCFSLUV3
4,2022-08-08,0,EXDQKMZ4KCFSLUV3
5,2022-09-09,0,EXDQKMZ4KCFSLUV3
6,2023-01-18,1,EXDQKMZ4KCFSLUV3
7,2023-04-22,1,EXDQKMZ4KCFSLUV3
8,2023-04-26,1,EXDQKMZ4KCFSLUV3
9,2023-05-13,1,EXDQKMZ4KCFSLUV3
10,2023-07-12,1,EXDQKMZ4KCFSLUV3
11,2023-09-03,1,EXDQKMZ4KCFSLUV3
12,2023-09-12,1,EXDQKMZ4KCFSLUV3
13,2023-10-28,1,EXDQKMZ4KCFSLUV3
14,2024-05-14,1,EXDQKMZ4KCFSLUV3
15,2024-06-12,0,EXDQKMZ4KCFSLUV3
0,2022-01-28,1,2TX4Z1BY24DKXMMX
0,2022-06-01,0,01E7Q9NH5ZXPCARM
0,2024-03-16,1,CFL4LYB1L4WOXMMX
1,2024-03-20,1,CFL4LYB1L4WOXMMX
2,2024-09-09,1,CFL4LYB1L4WOXMMX
3,2024-11-18,1,CFL4LYB1L4WOXMMX
0,2024-10-25,1,SY90O124JG9I6TPF
1,2024-11-14,1,SY90O124JG9I6TPF
2,2025-01-07,1,SY90O124JG9I6TPF
3,2025-01-17,1,SY90O124JG9I6TPF
4,2025-01-26,1,SY90O124JG9I6TPF
5,2025-02-05,1,SY90O124JG9I6TPF
6,2025-02-18,1,SY90O124JG9I6TPF
0,2024-02-10,1,0XXEX7RMXV5ZNYGQ
1,2024-02-19,1,0XXEX7RMXV5ZNYGQ
2,2024-03-13,1,0XXEX7RMXV5ZNYGQ
3,2024-05-26,1,0XXEX7RMXV5ZNYGQ
4,2024-08-09,1,0XXEX7RMXV5ZNYGQ
5,2024-11-12,0,0XXEX7RMXV5ZNYGQ
6,2024-12-28,1,0XXEX7RMXV5ZNYGQ
7,2025-03-29,1,0XXEX7RMXV5ZNYGQ
8,2025-07-01,1,0XXEX7RMXV5ZNYGQ
0,2023-05-27,1,SUU4U3BYU4ZFXMMX
1,2023-06-08,1,SUU4U3BYU4ZFXMMX
2,2023-06-19,1,SUU4U3BYU4ZFXMMX
3,2023-06-30,1,SUU4U3BYU4ZFXMMX
4,2023-11-21,1,SUU4U3BYU4ZFXMMX
5,2024-02-28,1,SUU4U3BYU4ZFXMMX
6,2024-04-03,1,SUU4U3BYU4ZFXMMX
7,2024-04-29,1,SUU4U3BYU4ZFXMMX
8,2024-05-08,1,SUU4U3BYU4ZFXMMX
9,2024-07-07,1,SUU4U3BYU4ZFXMMX
10,2024-07-14,0,SUU4U3BYU4ZFXMMX
11,2024-08-07,1,SUU4U3BYU4ZFXMMX
12,2024-08-11,0,SUU4U3BYU4ZFXMMX
0,2024-12-03,1,EMR2R0L9RSFE0JZ4
0,2023-12-10,1,2MVAV8SYV0AW8MCX
1,2023-12-21,1,2MVAV8SYV0AW8MCX
0,2022-12-06,1,CXAOGD2UGGKR6TPF
1,2023-01-13,1,CXAOGD2UGGKR6TPF
2,2023-06-03,1,CXAOGD2UGGKR6TPF
0,2025-02-04,1,24IAUKBYU423XMMX
0,2023-01-07,1,GF5HUJAMUULJQYYQ
1,2023-06-02,0,GF5HUJAMUULJQYYQ
2,2023-07-01,1,GF5HUJAMUULJQYYQ
3,2023-08-05,0,GF5HUJAMUULJQYYQ
0,2024-12-24,0,S12OEL24EGJ86TPF
1,2025-02-21,1,S12OEL24EGJ86TPF
2,2025-04-14,1,S12OEL24EGJ86TPF
3,2025-06-23,1,S12OEL24EGJ86TPF
0,2024-11-22,1,VTQXO45BO96UYHHY
1,2024-11-27,1,VTQXO45BO96UYHHY
2,2025-04-08,1,VTQXO45BO96UYHHY
3,2025-04-20,1,VTQXO45BO96UYHHY
0,2024-10-01,1,VX8BPS7YPPX2I1E5
1,2024-10-05,1,VX8BPS7YPPX2I1E5
2,2024-10-30,1,VX8BPS7YPPX2I1E5
3,2024-11-17,1,VX8BPS7YPPX2I1E5
4,2025-01-03,0,VX8BPS7YPPX2I1E5
5,2025-01-31,1,VX8BPS7YPPX2I1E5
6,2025-02-09,1,VX8BPS7YPPX2I1E5
7,2025-02-24,0,VX8BPS7YPPX2I1E5
8,2025-02-26,0,VX8BPS7YPPX2I1E5
9,2025-05-03,1,VX8BPS7YPPX2I1E5
10,2025-05-31,1,VX8BPS7YPPX2I1E5
11,2025-06-25,1,VX8BPS7YPPX2I1E5
12,2025-07-10,1,VX8BPS7YPPX2I1E5
13,2025-07-31,0,VX8BPS7YPPX2I1E5
0,2024-09-19,1,G1OGSVTJS7FCPODT
1,2024-10-26,1,G1OGSVTJS7FCPODT
0,2023-11-16,1,PFPK4O6144WOXMMX
1,2023-12-25,1,PFPK4O6144WOXMMX
2,2024-01-03,1,PFPK4O6144WOXMMX
3,2024-11-07,1,PFPK4O6144WOXMMX
0,2022-07-26,1,2YMWVNXYV0BL8MCX
1,2022-09-17,1,2YMWVNXYV0BL8MCX
2,2022-10-19,1,2YMWVNXYV0BL8MCX
3,2022-11-08,1,2YMWVNXYV0BL8MCX
4,2023-01-22,1,2YMWVNXYV0BL8MCX
5,2023-03-12,1,2YMWVNXYV0BL8MCX
6,2023-05-13,1,2YMWVNXYV0BL8MCX
7,2023-09-05,1,2YMWVNXYV0BL8MCX
8,2023-10-02,1,2YMWVNXYV0BL8MCX
9,2023-10-16,1,2YMWVNXYV0BL8MCX
10,2023-11-04,1,2YMWVNXYV0BL8MCX
11,2024-10-03,1,2YMWVNXYV0BL8MCX
12,2024-10-22,1,2YMWVNXYV0BL8MCX
0,2023-09-30,1,C4UTCTVAJO641BB1
1,2023-11-01,1,C4UTCTVAJO641BB1
2,2023-11-26,1,C4UTCTVAJO641BB1
3,2023-12-05,1,C4UTCTVAJO641BB1
4,2024-01-28,1,C4UTCTVAJO641BB1
5,2024-02-09,1,C4UTCTVAJO641BB1
6,2024-06-05,1,C4UTCTVAJO641BB1
7,2024-07-27,1,C4UTCTVAJO641BB1
8,2024-08-15,1,C4UTCTVAJO641BB1
0,2022-02-10,1,GXRIHZKTEE35W40K
1,2022-03-02,1,GXRIHZKTEE35W40K
2,2022-05-19,1,GXRIHZKTEE35W40K
3,2022-08-01,0,GXRIHZKTEE35W40K
4,2022-09-21,1,GXRIHZKTEE35W40K
5,2023-01-21,1,GXRIHZKTEE35W40K
6,2023-01-26,1,GXRIHZKTEE35W40K
7,2023-05-08,1,GXRIHZKTEE35W40K
8,2023-08-10,1,GXRIHZKTEE35W40K
9,2023-09-01,1,GXRIHZKTEE35W40K
10,2024-01-27,0,GXRIHZKTEE35W40K
11,2024-02-16,1,GXRIHZKTEE35W40K
12,2024-04-18,1,GXRIHZKTEE35W40K
13,2024-05-15,1,GXRIHZKTEE35W40K
14,2024-05-29,1,GXRIHZKTEE35W40K
0,2023-04-10,1,2UKKI36YU4ZBXMMX
1,2023-07-29,1,2UKKI36YU4ZBXMMX
2,2023-08-27,0,2UKKI36YU4ZBXMMX
3,2023-12-28,1,2UKKI36YU4ZBXMMX
0,2024-11-19,0,VMPV4GYBD2XKGH7Y
1,2024-12-23,1,VMPV4GYBD2XKGH7Y
2,2025-03-07,1,VMPV4GYBD2XKGH7Y
0,2023-02-24,1,EFIFS9LYTT6X5115
1,2023-05-14,1,EFIFS9LYTT6X5115
0,2024-04-19,1,SMBMX6F4EAOH6TPF
1,2024-05-06,1,SMBMX6F4EAOH6TPF
2,2024-05-21,1,SMBMX6F4EAOH6TPF
3,2024-07-08,1,SMBMX6F4EAOH6TPF
4,2024-07-17,1,SMBMX6F4EAOH6TPF
5,2024-07-27,1,SMBMX6F4EAOH6TPF
6,2024-08-06,1,SMBMX6F4EAOH6TPF
7,2024-10-19,1,SMBMX6F4EAOH6TPF
8,2024-10-23,1,SMBMX6F4EAOH6TPF
9,2024-10-29,1,SMBMX6F4EAOH6TPF
10,2024-12-08,1,SMBMX6F4EAOH6TPF
11,2024-12-13,1,SMBMX6F4EAOH6TPF
12,2024-12-15,1,SMBMX6F4EAOH6TPF
13,2025-01-02,1,SMBMX6F4EAOH6TPF
14,2025-03-12,1,SMBMX6F4EAOH6TPF
0,2023-06-05,1,0UIAEUPH956QMAAM
1,2023-07-14,1,0UIAEUPH956QMAAM
2,2023-08-05,1,0UIAEUPH956QMAAM
3,2023-08-07,1,0UIAEUPH956QMAAM
4,2023-09-05,0,0UIAEUPH956QMAAM
5,2023-09-23,1,0UIAEUPH956QMAAM
0,2024-02-12,1,PXFTOQX10OQK8MCX
1,2024-03-11,1,PXFTOQX10OQK8MCX
2,2024-04-27,1,PXFTOQX10OQK8MCX
3,2024-05-03,1,PXFTOQX10OQK8MCX
4,2024-05-15,1,PXFTOQX10OQK8MCX
0,2023-04-25,1,S4YMNH6YUA2AXMMX
1,2023-05-15,1,S4YMNH6YUA2AXMMX
2,2023-06-09,1,S4YMNH6YUA2AXMMX
3,2023-12-19,1,S4YMNH6YUA2AXMMX
4,2024-01-28,1,S4YMNH6YUA2AXMMX
5,2024-03-01,1,S4YMNH6YUA2AXMMX
6,2024-04-26,0,S4YMNH6YUA2AXMMX
7,2024-05-11,1,S4YMNH6YUA2AXMMX
8,2024-05-17,1,S4YMNH6YUA2AXMMX
9,2024-05-23,1,S4YMNH6YUA2AXMMX
10,2024-06-13,1,S4YMNH6YUA2AXMMX
0,2022-05-31,1,CYDBM3UO7QFQV92U
1,2022-06-06,1,CYDBM3UO7QFQV92U
0,2025-04-08,1,0FMY75WMUHL5QYYQ
0,2023-08-04,1,21GT3AXYVOH98MCX
1,2023-08-24,1,21GT3AXYVOH98MCX
2,2023-11-16,1,21GT3AXYVOH98MCX
3,2024-02-29,1,21GT3AXYVOH98MCX
4,2024-07-04,0,21GT3AXYVOH98MCX
5,2024-08-05,1,21GT3AXYVOH98MCX
6,2024-09-09,1,21GT3AXYVOH98MCX
7,2024-11-17,1,21GT3AXYVOH98MCX
8,2024-12-04,1,21GT3AXYVOH98MCX
0,2022-12-09,1,ET0HG504OX6QYHVY
1,2022-12-22,1,ET0HG504OX6QYHVY
2,2023-01-20,1,ET0HG504OX6QYHVY
0,2024-05-07,1,EXO1BF3RCBFXLUJ3
1,2024-11-15,1,EXO1BF3RCBFXLUJ3
2,2025-01-09,1,EXO1BF3RCBFXLUJ3
3,2025-02-27,1,EXO1BF3RCBFXLUJ3
4,2025-06-15,1,EXO1BF3RCBFXLUJ3
5,2025-06-19,1,EXO1BF3RCBFXLUJ3
0,2022-10-08,1,011NU5MV23XKCAMM
1,2023-02-25,1,011NU5MV23XKCAMM
2,2023-03-26,1,011NU5MV23XKCAMM
3,2024-02-23,1,011NU5MV23XKCAMM
4,2024-02-24,1,011NU5MV23XKCAMM
5,2024-04-18,1,011NU5MV23XKCAMM
6,2024-05-28,1,011NU5MV23XKCAMM
7,2024-06-13,1,011NU5MV23XKCAMM
8,2024-07-26,1,011NU5MV23XKCAMM
0,2023-10-31,1,CF39QQ6J4AWQXM2X
1,2023-11-03,1,CF39QQ6J4AWQXM2X
2,2023-11-26,1,CF39QQ6J4AWQXM2X
3,2024-01-16,1,CF39QQ6J4AWQXM2X
4,2024-02-13,1,CF39QQ6J4AWQXM2X
5,2024-07-13,1,CF39QQ6J4AWQXM2X
6,2024-08-16,1,CF39QQ6J4AWQXM2X
7,2024-08-21,1,CF39QQ6J4AWQXM2X
8,2024-11-24,1,CF39QQ6J4AWQXM2X
9,2024-12-10,1,CF39QQ6J4AWQXM2X
10,2025-02-08,1,CF39QQ6J4AWQXM2X
11,2025-03-15,1,CF39QQ6J4AWQXM2X
12,2025-04-01,1,CF39QQ6J4AWQXM2X
13,2025-06-26,1,CF39QQ6J4AWQXM2X
14,2025-06-27,1,CF39QQ6J4AWQXM2X
15,2025-07-15,1,CF39QQ6J4AWQXM2X
0,2025-01-06,1,SYS2ZJFNEA9A6T3F
1,2025-05-09,1,SYS2ZJFNEA9A6T3F
2,2025-05-10,1,SYS2ZJFNEA9A6T3F
0,2023-05-31,1,P4FF55VTJQ6Q1B01
1,2023-11-06,1,P4FF55VTJQ6Q1B01
2,2023-12-25,1,P4FF55VTJQ6Q1B01
3,2024-06-12,1,P4FF55VTJQ6Q1B01
4,2024-07-05,1,P4FF55VTJQ6Q1B01
5,2024-07-13,0,P4FF55VTJQ6Q1B01
6,2024-08-17,0,P4FF55VTJQ6Q1B01
0,2023-10-16,1,0X6RI5Q2VJ53NYAQ
1,2024-03-22,1,0X6RI5Q2VJ53NYAQ
2,2024-09-01,1,0X6RI5Q2VJ53NYAQ
0,2023-08-21,1,SUE9AA63UAZBXM6X
1,2023-09-14,1,SUE9AA63UAZBXM6X
2,2023-09-28,1,SUE9AA63UAZBXM6X
3,2023-10-18,1,SUE9AA63UAZBXM6X
4,2023-11-01,1,SUE9AA63UAZBXM6X
5,2024-02-25,1,SUE9AA63UAZBXM6X
6,2024-04-13,1,SUE9AA63UAZBXM6X
7,2024-05-25,1,SUE9AA63UAZBXM6X
8,2024-07-21,1,SUE9AA63UAZBXM6X
9,2024-11-26,1,SUE9AA63UAZBXM6X
10,2024-12-08,1,SUE9AA63UAZBXM6X
11,2025-06-21,1,SUE9AA63UAZBXM6X
12,2025-07-29,1,SUE9AA63UAZBXM6X
0,2024-12-08,1,EMALL34GRXFQ0JU4
0,2022-06-30,1,VFCJXXLOTB6X51Z5
1,2022-09-14,1,VFCJXXLOTB6X51Z5
2,2023-01-31,1,VFCJXXLOTB6X51Z5
3,2023-07-13,1,VFCJXXLOTB6X51Z5
0,2024-10-02,1,2MUXSBX6VOAJ8MQX
1,2024-10-11,1,2MUXSBX6VOAJ8MQX
2,2024-10-20,1,2MUXSBX6VOAJ8MQX
3,2024-10-24,1,2MUXSBX6VOAJ8MQX
4,2025-06-08,1,2MUXSBX6VOAJ8MQX
5,2025-06-15,1,2MUXSBX6VOAJ8MQX
0,2025-06-28,1,GUMM55PU956QMAPM
1,2025-07-05,0,GUMM55PU956QMAPM
0,2024-07-25,1,CXDFWKF7GAKQ6T9F
1,2024-09-23,1,CXDFWKF7GAKQ6T9F
2,2024-10-27,1,CXDFWKF7GAKQ6T9F
3,2025-01-18,1,CXDFWKF7GAKQ6T9F
4,2025-01-20,1,CXDFWKF7GAKQ6T9F
0,2022-11-13,1,245XHH6KUA2AXMLX
0,2024-10-22,1,GFLQ55W9UHL5QYDQ
1,2024-11-15,1,GFLQ55W9UHL5QYDQ
2,2024-11-28,1,GFLQ55W9UHL5QYDQ
3,2024-12-02,1,GFLQ55W9UHL5QYDQ
4,2025-01-23,1,GFLQ55W9UHL5QYDQ
5,2025-03-26,1,GFLQ55W9UHL5QYDQ
6,2025-07-18,0,GFLQ55W9UHL5QYDQ
0,2023-12-20,1,S19FDOFIEAJB6TFF
1,2024-03-05,1,S19FDOFIEAJB6TFF
2,2024-03-10,1,S19FDOFIEAJB6TFF
3,2024-05-02,1,S19FDOFIEAJB6TFF
4,2024-05-04,0,S19FDOFIEAJB6TFF
5,2024-06-01,1,S19FDOFIEAJB6TFF
6,2024-09-01,1,S19FDOFIEAJB6TFF
7,2024-09-30,1,S19FDOFIEAJB6TFF
8,2024-10-10,1,S19FDOFIEAJB6TFF
9,2024-11-15,1,S19FDOFIEAJB6TFF
10,2025-01-10,1,S19FDOFIEAJB6TFF
11,2025-01-20,1,S19FDOFIEAJB6TFF
12,2025-03-22,0,S19FDOFIEAJB6TFF
13,2025-04-07,1,S19FDOFIEAJB6TFF
14,2025-06-07,1,S19FDOFIEAJB6TFF
15,2025-06-17,1,S19FDOFIEAJB6TFF
0,2022-12-21,0,VTWY5504OX6QYHVY
1,2023-01-17,1,VTWY5504OX6QYHVY
2,2023-02-18,0,VTWY5504OX6QYHVY
3,2023-05-15,1,VTWY5504OX6QYHVY
4,2023-06-14,1,VTWY5504OX6QYHVY
5,2023-10-31,1,VTWY5504OX6QYHVY
0,2023-12-15,1,VXX58X5DP9XFI1H5
1,2024-03-23,1,VXX58X5DP9XFI1H5
2,2024-07-07,1,VXX58X5DP9XFI1H5
3,2024-11-13,1,VXX58X5DP9XFI1H5
4,2024-12-13,1,VXX58X5DP9XFI1H5
5,2025-01-15,1,VXX58X5DP9XFI1H5
0,2024-10-02,1,STTUPTUFUATHVMWU
1,2024-10-05,1,STTUPTUFUATHVMWU
2,2024-10-25,0,STTUPTUFUATHVMWU
3,2025-01-08,0,STTUPTUFUATHVMWU
0,2022-10-21,1,G1RSORSES5RQ9OTS
1,2022-10-24,1,G1RSORSES5RQ9OTS
2,2022-10-30,1,G1RSORSES5RQ9OTS
0,2023-04-12,1,PFTUPTUJ4ATQVM2U
1,2023-05-04,0,PFTUPTUJ4ATQVM2U
2,2023-05-10,1,PFTUPTUJ4ATQVM2U
3,2023-06-01,1,PFTUPTUJ4ATQVM2U
4,2023-06-22,1,PFTUPTUJ4ATQVM2U
5,2023-07-04,1,PFTUPTUJ4ATQVM2U
6,2023-07-17,1,PFTUPTUJ4ATQVM2U
7,2023-09-17,1,PFTUPTUJ4ATQVM2U
8,2023-10-31,1,PFTUPTUJ4ATQVM2U
9,2024-01-17,1,PFTUPTUJ4ATQVM2U
10,2024-02-25,1,PFTUPTUJ4ATQVM2U
11,2024-03-15,1,PFTUPTUJ4ATQVM2U
12,2024-04-26,1,PFTUPTUJ4ATQVM2U
13,2024-05-20,1,PFTUPTUJ4ATQVM2U
14,2024-09-04,1,PFTUPTUJ4ATQVM2U
0,2025-01-25,1,2YPVMPVWVOPO1M5V
1,2025-05-08,1,2YPVMPVWVOPO1M5V
2,2025-05-09,1,2YPVMPVWVOPO1M5V
3,2025-05-16,1,2YPVMPVWVOPO1M5V
4,2025-07-06,1,2YPVMPVWVOPO1M5V
0,2023-04-09,0,C4EJ29JTJQ9QZB0J
1,2023-04-27,1,C4EJ29JTJQ9QZB0J
2,2023-05-31,1,C4EJ29JTJQ9QZB0J
3,2024-03-13,1,C4EJ29JTJQ9QZB0J
4,2024-04-13,1,C4EJ29JTJQ9QZB0J
5,2024-04-16,1,C4EJ29JTJQ9QZB0J
6,2024-07-25,1,C4EJ29JTJQ9QZB0J
0,2025-03-05,1,GXAC4GCSEHG5T4OC
1,2025-05-26,1,GXAC4GCSEHG5T4OC
0,2024-08-29,1,2UNUPTU3UATBVM6U
0,2022-09-10,1,VMTDHZD0DFZKAH1D
1,2022-09-23,1,VMTDHZD0DFZKAH1D
2,2022-12-11,1,VMTDHZD0DFZKAH1D
3,2023-02-09,1,VMTDHZD0DFZKAH1D
4,2023-02-12,1,VMTDHZD0DFZKAH1D
5,2023-05-07,1,VMTDHZD0DFZKAH1D
6,2023-06-02,0,VMTDHZD0DFZKAH1D
7,2023-06-17,1,VMTDHZD0DFZKAH1D
8,2023-08-13,1,VMTDHZD0DFZKAH1D
9,2023-09-08,1,VMTDHZD0DFZKAH1D
10,2024-02-13,1,VMTDHZD0DFZKAH1D
11,2024-02-17,1,VMTDHZD0DFZKAH1D
0,2023-05-31,1,0U5XDO9U95OQ2AP9
1,2023-06-13,1,0U5XDO9U95OQ2AP9
2,2023-06-29,1,0U5XDO9U95OQ2AP9
3,2023-09-12,1,0U5XDO9U95OQ2AP9
4,2023-10-18,1,0U5XDO9U95OQ2AP9
5,2024-03-05,1,0U5XDO9U95OQ2AP9
6,2024-03-09,1,0U5XDO9U95OQ2AP9
7,2024-09-08,1,0U5XDO9U95OQ2AP9
8,2025-01-21,1,0U5XDO9U95OQ2AP9
0,2023-03-10,1,PX8JMPVZ0OPK1MBV
1,2023-05-10,1,PX8JMPVZ0OPK1MBV
0,2023-06-05,1,S40HPTUKUATAVMLU
1,2023-06-13,1,S40HPTUKUATAVMLU
2,2023-10-29,1,S40HPTUKUATAVMLU
3,2024-03-20,0,S40HPTUKUATAVMLU
4,2024-06-21,1,S40HPTUKUATAVMLU
5,2024-11-11,1,S40HPTUKUATAVMLU
6,2025-02-12,1,S40HPTUKUATAVMLU
0,2022-04-13,1,CYO59S7C7QSQJ947
1,2022-04-23,1,CYO59S7C7QSQJ947
2,2022-07-02,1,CYO59S7C7QSQJ947
3,2022-08-01,1,CYO59S7C7QSQJ947
4,2022-09-18,0,CYO59S7C7QSQJ947
0,2022-08-31,1,0FPB04T9UH45PYDT
1,2022-09-14,0,0FPB04T9UH45PYDT
2,2022-10-27,0,0FPB04T9UH45PYDT
0,2024-06-18,1,21YJMPVLVOP91MXV
1,2024-06-24,1,21YJMPVLVOP91MXV
2,2024-08-25,0,21YJMPVLVOP91MXV
3,2024-12-06,1,21YJMPVLVOP91MXV
4,2024-12-22,1,21YJMPVLVOP91MXV
5,2025-01-29,1,21YJMPVLVOP91MXV
6,2025-03-30,1,21YJMPVLVOP91MXV
7,2025-04-11,1,21YJMPVLVOP91MXV
0,2024-12-27,1,ET4QUJO4CXJQDUVO
1,2025-01-29,1,ET4QUJO4CXJQDUVO
2,2025-03-19,0,ET4QUJO4CXJQDUVO
0,2025-03-24,1,2TF3KTUFIATHVKWU
1,2025-04-21,1,2TF3KTUFIATHVKWU
0,2024-08-24,1,01VEPD2V43DKBPM2
1,2024-08-31,1,01VEPD2V43DKBPM2
2,2024-10-12,1,01VEPD2V43DKBPM2
3,2024-11-26,1,01VEPD2V43DKBPM2
4,2024-11-29,1,01VEPD2V43DKBPM2
5,2025-07-30,1,01VEPD2V43DKBPM2
0,2024-06-11,1,CFI39TUJRATQV92U
1,2024-06-19,1,CFI39TUJRATQV92U
0,2022-05-16,1,SYBLICENXACAUI3E
1,2022-09-15,1,SYBLICENXACAUI3E
2,2022-10-30,1,SYBLICENXACAUI3E
3,2022-12-23,1,SYBLICENXACAUI3E
4,2023-05-27,1,SYBLICENXACAUI3E
5,2023-09-15,1,SYBLICENXACAUI3E
6,2023-12-10,1,SYBLICENXACAUI3E
0,2023-06-21,0,P48449JTEQ9QZ40J
1,2023-09-14,1,P48449JTEQ9QZ40J
2,2023-11-02,1,P48449JTEQ9QZ40J
3,2023-11-29,0,P48449JTEQ9QZ40J
4,2024-01-28,1,P48449JTEQ9QZ40J
5,2024-05-13,1,P48449JTEQ9QZ40J
6,2024-10-04,1,P48449JTEQ9QZ40J
7,2024-11-20,1,P48449JTEQ9QZ40J
8,2025-02-09,1,P48449JTEQ9QZ40J
9,2025-02-22,0,P48449JTEQ9QZ40J
10,2025-04-04,0,P48449JTEQ9QZ40J
11,2025-07-26,1,P48449JTEQ9QZ40J
0,2023-01-31,1,0XF8D0P2JJ03MDAP
1,2023-05-05,1,0XF8D0P2JJ03MDAP
2,2023-06-21,1,0XF8D0P2JJ03MDAP
3,2023-07-13,1,0XF8D0P2JJ03MDAP
4,2023-08-16,0,0XF8D0P2JJ03MDAP
5,2023-10-06,1,0XF8D0P2JJ03MDAP
6,2023-10-17,1,0XF8D0P2JJ03MDAP
7,2023-11-21,1,0XF8D0P2JJ03MDAP
8,2024-01-17,1,0XF8D0P2JJ03MDAP
9,2024-02-01,0,0XF8D0P2JJ03MDAP
0,2022-04-05,0,SU13FTU3NATBVF6U
1,2022-04-09,1,SU13FTU3NATBVF6U
0,2024-09-27,1,EMDPE1RGMX7QOEUR
0,2022-03-25,1,VFMKJH4OSBUX0JZ4
1,2022-03-28,1,VFMKJH4OSBUX0JZ4
0,2024-09-30,1,2MEYWKV63OPJ1WQV
1,2025-02-17,0,2MEYWKV63OPJ1WQV
2,2025-03-15,1,2MEYWKV63OPJ1WQV
0,2023-10-23,1,GUPHTM9UG5OQ2TP9
1,2023-12-19,1,GUPHTM9UG5OQ2TP9
2,2024-01-10,1,GUPHTM9UG5OQ2TP9
3,2024-06-04,0,GUPHTM9UG5OQ2TP9
0,2022-11-24,1,CXO4SBE5AACQUS9E
1,2023-05-01,1,CXO4SBE5AACQUS9E
0,2025-01-13,0,24LY35UB8ATAV3LU
1,2025-04-04,1,24LY35UB8ATAV3LU
2,2025-05-13,1,24LY35UB8ATAV3LU
3,2025-07-12,1,24LY35UB8ATAV3LU
0,2023-05-05,0,PYYA04ZFUK2KH0YZ
1,2023-07-29,0,PYYA04ZFUK2KH0YZ
2,2023-11-20,1,PYYA04ZFUK2KH0YZ
0,2025-03-22,1,GF31NATX7H45PODT
1,2025-05-06,1,GF31NATX7H45PODT
0,2023-11-11,1,VTKB81OXCXJQDUVO
1,2024-02-03,1,VTKB81OXCXJQDUVO
0,2022-10-17,1,VX6M3J0K99VFYZH0
1,2022-12-01,1,VX6M3J0K99VFYZH0
2,2023-06-04,1,VX6M3J0K99VFYZH0
3,2023-07-14,0,VX6M3J0K99VFYZH0
0,2025-07-28,1,G1AIXMXXY5RQ9CTS
0,2024-01-16,1,PFCO8B75RATQV92U
1,2024-01-28,1,PFCO8B75RATQV92U
2,2024-06-08,1,PFCO8B75RATQV92U
3,2024-07-19,1,PFCO8B75RATQV92U
4,2024-07-24,1,PFCO8B75RATQV92U
5,2024-11-29,0,PFCO8B75RATQV92U
6,2025-01-24,0,PFCO8B75RATQV92U
7,2025-03-28,1,PFCO8B75RATQV92U
0,2022-09-05,1,2YTD93J9FOPO1L5V
1,2022-10-01,0,2YTD93J9FOPO1L5V
0,2023-10-02,1,C41K8YIXEQ9QZ40J
0,2025-01-25,1,GXD7QABXHHG5TROC
1,2025-03-06,1,GXD7QABXHHG5TROC
0,2024-08-05,1,2UQO7X7HNATBVF6U
1,2024-08-10,0,2UQO7X7HNATBVF6U
2,2025-01-26,1,2UQO7X7HNATBVF6U
3,2025-03-13,1,2UQO7X7HNATBVF6U
4,2025-04-20,1,2UQO7X7HNATBVF6U
5,2025-07-29,1,2UQO7X7HNATBVF6U
0,2022-06-20,1,VMC6FUKFTFZKAV1D
1,2022-07-14,1,VMC6FUKFTFZKAV1D
0,2023-08-17,1,EFL9IHRQSBUX0JZ4
1,2023-10-31,1,EFL9IHRQSBUX0JZ4
2,2023-12-31,0,EFL9IHRQSBUX0JZ4
3,2024-01-08,1,EFL9IHRQSBUX0JZ4
4,2024-01-14,1,EFL9IHRQSBUX0JZ4
5,2024-06-12,0,EFL9IHRQSBUX0JZ4
0,2023-08-20,0,SM9QAQHA5ACHUNKE
1,2023-09-07,1,SM9QAQHA5ACHUNKE
2,2023-09-16,1,SM9QAQHA5ACHUNKE
3,2023-12-16,1,SM9QAQHA5ACHUNKE
4,2024-01-08,1,SM9QAQHA5ACHUNKE
5,2024-05-04,1,SM9QAQHA5ACHUNKE
6,2024-06-26,1,SM9QAQHA5ACHUNKE
7,2024-10-11,1,SM9QAQHA5ACHUNKE
8,2024-11-27,1,SM9QAQHA5ACHUNKE
9,2025-01-02,1,SM9QAQHA5ACHUNKE
10,2025-05-15,1,SM9QAQHA5ACHUNKE
11,2025-07-17,1,SM9QAQHA5ACHUNKE
0,2023-11-14,1,0ULY8M8XG5OQ2TP9
1,2024-01-31,1,0ULY8M8XG5OQ2TP9
2,2024-02-11,1,0ULY8M8XG5OQ2TP9
3,2024-02-12,1,0ULY8M8XG5OQ2TP9
0,2022-08-01,0,PXXKF9J3OOPK12BV
1,2022-08-27,1,PXXKF9J3OOPK12BV
2,2022-10-27,1,PXXKF9J3OOPK12BV
3,2023-02-18,1,PXXKF9J3OOPK12BV
4,2023-03-17,1,PXXKF9J3OOPK12BV
5,2023-05-08,1,PXXKF9J3OOPK12BV
6,2023-06-14,1,PXXKF9J3OOPK12BV
7,2023-07-08,1,PXXKF9J3OOPK12BV
8,2023-07-18,1,PXXKF9J3OOPK12BV
9,2023-09-23,0,PXXKF9J3OOPK12BV
10,2023-11-16,1,PXXKF9J3OOPK12BV
11,2023-12-31,1,PXXKF9J3OOPK12BV
12,2024-01-02,1,PXXKF9J3OOPK12BV
13,2024-03-20,1,PXXKF9J3OOPK12BV
14,2024-03-25,1,PXXKF9J3OOPK12BV
0,2023-01-10,1,S44QY57B8ATAV3LU
1,2023-02-24,1,S44QY57B8ATAV3LU
2,2023-02-28,1,S44QY57B8ATAV3LU
3,2023-03-03,1,S44QY57B8ATAV3LU
4,2023-04-28,1,S44QY57B8ATAV3LU
5,2023-06-13,1,S44QY57B8ATAV3LU
0,2023-12-27,1,CYRMDY5X1QSQJG47
1,2024-01-29,1,CYRMDY5X1QSQJG47
2,2024-05-23,1,CYRMDY5X1QSQJG47
3,2024-08-07,1,CYRMDY5X1QSQJG47
4,2024-09-08,1,CYRMDY5X1QSQJG47
5,2024-09-24,1,CYRMDY5X1QSQJG47
6,2024-09-25,1,CYRMDY5X1QSQJG47
7,2024-10-04,1,CYRMDY5X1QSQJG47
8,2024-11-07,1,CYRMDY5X1QSQJG47
9,2025-02-08,1,CYRMDY5X1QSQJG47
0,2023-05-28,1,210KG7JJKOP916XV
1,2023-08-20,1,210KG7JJKOP916XV
2,2024-04-23,1,210KG7JJKOP916XV
0,2024-12-25,1,ETG1BFNXCXJQDUVO
1,2025-01-21,0,ETG1BFNXCXJQDUVO
2,2025-04-22,1,ETG1BFNXCXJQDUVO
3,2025-06-08,1,ETG1BFNXCXJQDUVO
4,2025-06-22,1,ETG1BFNXCXJQDUVO
5,2025-07-29,1,ETG1BFNXCXJQDUVO
0,2024-02-03,1,EXAX0LAQBBEX47JG
1,2024-10-06,1,EXAX0LAQBBEX47JG
0,2023-03-22,1,2T8TYO7AIKTHVKWU
0,2022-12-16,1,01UR78FF4GDKBPM2
0,2025-07-21,0,CF5T1F75RKTQV92U
0,2022-04-24,1,SY2P02HBXWCAUI3E
1,2022-08-05,1,SY2P02HBXWCAUI3E
2,2023-03-12,1,SY2P02HBXWCAUI3E
3,2023-06-26,1,SY2P02HBXWCAUI3E
4,2023-10-28,1,SY2P02HBXWCAUI3E
5,2023-12-04,1,SY2P02HBXWCAUI3E
0,2022-05-25,1,P4X9AFIXET9QZ40J
1,2022-07-04,1,P4X9AFIXET9QZ40J
2,2022-08-24,1,P4X9AFIXET9QZ40J
3,2022-12-27,1,P4X9AFIXET9QZ40J
4,2023-01-18,0,P4X9AFIXET9QZ40J
5,2023-03-03,1,P4X9AFIXET9QZ40J
6,2023-03-04,1,P4X9AFIXET9QZ40J
7,2023-04-13,1,P4X9AFIXET9QZ40J
8,2023-04-16,0,P4X9AFIXET9QZ40J
9,2023-04-27,0,P4X9AFIXET9QZ40J
10,2023-08-24,0,P4X9AFIXET9QZ40J
11,2023-12-20,1,P4X9AFIXET9QZ40J
12,2024-05-19,1,P4X9AFIXET9QZ40J
13,2024-08-28,1,P4X9AFIXET9QZ40J
14,2024-10-03,1,P4X9AFIXET9QZ40J
0,2023-10-04,1,0X8GCN9FJI03MDAP
1,2023-11-18,1,0X8GCN9FJI03MDAP
2,2023-12-16,1,0X8GCN9FJI03MDAP
3,2023-12-21,1,0X8GCN9FJI03MDAP
4,2024-01-10,1,0X8GCN9FJI03MDAP
5,2024-08-05,1,0X8GCN9FJI03MDAP
6,2024-10-10,1,0X8GCN9FJI03MDAP
7,2024-10-18,0,0X8GCN9FJI03MDAP
8,2025-03-23,1,0X8GCN9FJI03MDAP
0,2022-08-31,1,SUVTYJ7HNKTBVF6U
1,2022-09-04,1,SUVTYJ7HNKTBVF6U
2,2022-11-07,1,SUVTYJ7HNKTBVF6U
3,2022-11-10,1,SUVTYJ7HNKTBVF6U
4,2022-12-11,1,SUVTYJ7HNKTBVF6U
5,2023-02-28,1,SUVTYJ7HNKTBVF6U
6,2023-04-24,0,SUVTYJ7HNKTBVF6U
0,2024-09-17,1,EMOZ26QXMV7QOEUR
1,2025-01-07,0,EMOZ26QXMV7QOEUR
2,2025-04-16,1,EMOZ26QXMV7QOEUR
0,2024-12-18,1,2M1BGRJO3NPJ1WQV
1,2024-12-19,1,2M1BGRJO3NPJ1WQV
2,2025-02-13,1,2M1BGRJO3NPJ1WQV
3,2025-04-12,1,2M1BGRJO3NPJ1WQV
4,2025-05-23,1,2M1BGRJO3NPJ1WQV
0,2023-10-04,0,GUTQ0F8XG4OQ2TP9
0,2022-02-02,0,CXR9J6H5AWCQUS9E
1,2022-07-27,1,CXR9J6H5AWCQUS9E
2,2022-10-20,1,CXR9J6H5AWCQUS9E
3,2022-11-16,1,CXR9J6H5AWCQUS9E
4,2022-11-22,1,CXR9J6H5AWCQUS9E
0,2023-12-11,1,PY0X183FUC2KH0YZ
1,2024-05-12,0,PY0X183FUC2KH0YZ
2,2024-06-07,1,PY0X183FUC2KH0YZ
3,2024-07-15,1,PY0X183FUC2KH0YZ
4,2024-08-01,0,PY0X183FUC2KH0YZ
0,2024-01-18,1,GFIA2KSX7345PODT
1,2024-05-04,1,GFIA2KSX7345PODT
2,2024-05-12,1,GFIA2KSX7345PODT
3,2024-10-09,1,GFIA2KSX7345PODT
4,2024-11-06,1,GFIA2KSX7345PODT
0,2024-02-29,1,S1B9KZHHQWCBU8FE
1,2024-06-27,1,S1B9KZHHQWCBU8FE
2,2024-08-08,1,S1B9KZHHQWCBU8FE
3,2024-08-27,0,S1B9KZHHQWCBU8FE
0,2025-04-20,1,VTN5PFNXCUJQDUVO
1,2025-06-29,1,VTN5PFNXCUJQDUVO
2,2025-07-06,1,VTN5PFNXCUJQDUVO
3,2025-07-17,1,VTN5PFNXCUJQDUVO
0,2023-11-15,1,VXFHAIOK98VFYZH0
1,2024-03-31,1,VXFHAIOK98VFYZH0
2,2024-06-19,0,VXFHAIOK98VFYZH0
3,2024-10-14,1,VXFHAIOK98VFYZH0
4,2024-11-06,1,VXFHAIOK98VFYZH0
5,2024-12-06,1,VXFHAIOK98VFYZH0
6,2024-12-22,0,VXFHAIOK98VFYZH0
7,2025-03-26,1,VXFHAIOK98VFYZH0
8,2025-05-25,0,VXFHAIOK98VFYZH0
9,2025-07-06,1,VXFHAIOK98VFYZH0
10,2025-07-31,1,VXFHAIOK98VFYZH0
0,2022-09-25,0,STMFLO5AIKTHVKWU
1,2022-10-15,1,STMFLO5AIKTHVKWU
2,2022-11-12,1,STMFLO5AIKTHVKWU
3,2022-11-26,0,STMFLO5AIKTHVKWU
4,2023-02-06,0,STMFLO5AIKTHVKWU
5,2023-03-31,1,STMFLO5AIKTHVKWU
6,2023-04-24,1,STMFLO5AIKTHVKWU
7,2023-08-21,1,STMFLO5AIKTHVKWU
0,2025-04-10,0,G1DC46VXY0RQ9CTS
1,2025-05-26,1,G1DC46VXY0RQ9CTS
2,2025-07-01,1,G1DC46VXY0RQ9CTS
0,2022-07-04,1,2YC6XYI9FNPO1L5V
1,2022-07-14,1,2YC6XYI9FNPO1L5V
2,2022-11-08,0,2YC6XYI9FNPO1L5V
3,2022-11-21,1,2YC6XYI9FNPO1L5V
4,2023-01-04,1,2YC6XYI9FNPO1L5V
5,2023-01-10,1,2YC6XYI9FNPO1L5V
6,2023-01-27,1,2YC6XYI9FNPO1L5V
0,2024-10-14,1,C4VUVAYXET9QZ40J
1,2024-10-28,1,C4VUVAYXET9QZ40J
0,2025-06-02,1,GXON9T6XHLG5TROC
0,2023-04-17,1,2UWFWY5UNKTBVF6U
1,2023-09-20,0,2UWFWY5UNKTBVF6U
0,2022-12-03,1,VMM0MBCRTEZKAV1D
1,2022-12-24,1,VMM0MBCRTEZKAV1D
2,2023-01-18,1,VMM0MBCRTEZKAV1D
3,2023-06-04,0,VMM0MBCRTEZKAV1D
4,2023-07-21,1,VMM0MBCRTEZKAV1D
5,2023-08-05,1,VMM0MBCRTEZKAV1D
6,2023-09-22,1,VMM0MBCRTEZKAV1D
7,2023-10-29,0,VMM0MBCRTEZKAV1D
8,2023-12-10,1,VMM0MBCRTEZKAV1D
9,2024-03-03,1,VMM0MBCRTEZKAV1D
10,2024-06-25,1,VMM0MBCRTEZKAV1D
11,2024-07-19,1,VMM0MBCRTEZKAV1D
12,2024-08-24,1,VMM0MBCRTEZKAV1D
13,2024-10-17,1,VMM0MBCRTEZKAV1D
0,2022-03-27,1,EF33KYQTXFUX0JZ4
1,2022-04-18,1,EF33KYQTXFUX0JZ4
2,2022-05-22,1,EF33KYQTXFUX0JZ4
3,2022-06-29,0,EF33KYQTXFUX0JZ4
4,2022-08-27,1,EF33KYQTXFUX0JZ4
0,2022-06-11,1,SMS174LVDWCHUNKE
1,2022-09-01,0,SMS174LVDWCHUNKE
2,2022-10-02,1,SMS174LVDWCHUNKE
0,2023-09-09,1,0U3BKH19X4OQ2TP9
1,2024-01-01,1,0U3BKH19X4OQ2TP9
2,2024-07-07,0,0U3BKH19X4OQ2TP9
3,2024-09-10,0,0U3BKH19X4OQ2TP9
4,2024-09-14,1,0U3BKH19X4OQ2TP9
5,2024-10-03,1,0U3BKH19X4OQ2TP9
6,2024-12-05,1,0U3BKH19X4OQ2TP9
7,2024-12-17,1,0U3BKH19X4OQ2TP9
8,2024-12-26,1,0U3BKH19X4OQ2TP9
9,2025-03-17,1,0U3BKH19X4OQ2TP9
10,2025-05-29,1,0U3BKH19X4OQ2TP9
11,2025-06-07,1,0U3BKH19X4OQ2TP9
0,2023-10-04,1,PX6UL1IGNNPK12BV
1,2023-11-12,1,PX6UL1IGNNPK12BV
0,2022-03-25,0,S4G1OY5UBKTAV3LU
1,2022-06-03,1,S4G1OY5UBKTAV3LU
2,2022-06-25,1,S4G1OY5UBKTAV3LU
3,2022-08-13,0,S4G1OY5UBKTAV3LU
4,2022-08-26,1,S4G1OY5UBKTAV3LU
5,2022-09-19,1,S4G1OY5UBKTAV3LU
6,2023-02-13,1,S4G1OY5UBKTAV3LU
7,2023-04-27,1,S4G1OY5UBKTAV3LU
8,2023-05-17,0,S4G1OY5UBKTAV3LU
9,2023-05-23,0,S4G1OY5UBKTAV3LU
10,2023-07-15,1,S4G1OY5UBKTAV3LU
11,2023-09-12,1,S4G1OY5UBKTAV3LU
12,2023-10-07,1,S4G1OY5UBKTAV3LU
13,2023-12-15,1,S4G1OY5UBKTAV3LU
14,2024-02-17,1,S4G1OY5UBKTAV3LU
0,2024-06-01,1,CYAHNO0Z6PSQJG47
1,2024-06-26,1,CYAHNO0Z6PSQJG47
2,2024-10-09,1,CYAHNO0Z6PSQJG47
3,2024-10-25,1,CYAHNO0Z6PSQJG47
4,2024-11-06,1,CYAHNO0Z6PSQJG47
5,2024-12-10,1,CYAHNO0Z6PSQJG47
6,2025-01-06,1,CYAHNO0Z6PSQJG47
7,2025-01-16,1,CYAHNO0Z6PSQJG47
8,2025-02-03,1,CYAHNO0Z6PSQJG47
9,2025-02-05,0,CYAHNO0Z6PSQJG47
10,2025-04-26,1,CYAHNO0Z6PSQJG47
0,2023-05-13,1,0FCMFMXU5345PODT
0,2023-02-11,1,214U2YIE7NP916XV
1,2023-03-14,0,214U2YIE7NP916XV
2,2023-10-10,0,214U2YIE7NP916XV
3,2023-12-30,1,214U2YIE7NP916XV
4,2024-01-31,1,214U2YIE7NP916XV
5,2024-04-05,1,214U2YIE7NP916XV
6,2024-05-01,1,214U2YIE7NP916XV
7,2024-06-17,1,214U2YIE7NP916XV
8,2024-08-17,1,214U2YIE7NP916XV
9,2024-10-15,1,214U2YIE7NP916XV
10,2024-10-29,1,214U2YIE7NP916XV
11,2024-11-25,0,214U2YIE7NP916XV
12,2025-04-06,1,214U2YIE7NP916XV
0,2023-07-05,1,EXDYN4WP66EX47JG
1,2023-08-18,1,EXDYN4WP66EX47JG
2,2023-10-11,1,EXDYN4WP66EX47JG
3,2023-10-24,1,EXDYN4WP66EX47JG
4,2024-02-01,1,EXDYN4WP66EX47JG
5,2024-03-22,1,EXDYN4WP66EX47JG
6,2024-05-31,1,EXDYN4WP66EX47JG
0,2024-02-22,1,2TXJJY5UAKTTVKWU
0,2023-03-01,1,01E8WHES8GDRBPM2
1,2023-09-14,0,01E8WHES8GDRBPM2
0,2022-04-06,1,CFLJ3154QKTTV92U
1,2022-04-21,1,CFLJ3154QKTTV92U
2,2022-10-09,0,CFLJ3154QKTTV92U
0,2023-02-28,1,SY9ZR4LV2WCPUI3E
1,2023-05-15,1,SY9ZR4LV2WCPUI3E
2,2023-11-07,1,SY9ZR4LV2WCPUI3E
0,2024-07-19,1,P463KAYJXT99Z40J
1,2024-08-28,1,P463KAYJXT99Z40J
2,2024-09-25,1,P463KAYJXT99Z40J
3,2024-10-25,1,P463KAYJXT99Z40J
4,2025-04-08,1,P463KAYJXT99Z40J
5,2025-05-13,1,P463KAYJXT99Z40J
6,2025-05-31,1,P463KAYJXT99Z40J
7,2025-06-01,0,P463KAYJXT99Z40J
8,2025-06-05,1,P463KAYJXT99Z40J
9,2025-06-08,1,P463KAYJXT99Z40J
0,2024-09-22,1,0XXS6M8EII0GMDAP
1,2024-09-25,1,0XXS6M8EII0GMDAP
2,2025-03-03,1,0XXS6M8EII0GMDAP
0,2022-09-11,1,EMRWA9PD6V7ZOEUR
1,2023-01-15,1,EMRWA9PD6V7ZOEUR
2,2023-02-08,1,EMRWA9PD6V7ZOEUR
3,2023-02-11,1,EMRWA9PD6V7ZOEUR
4,2023-03-13,1,EMRWA9PD6V7ZOEUR
5,2023-03-24,1,EMRWA9PD6V7ZOEUR
6,2023-05-23,1,EMRWA9PD6V7ZOEUR
7,2023-07-07,1,EMRWA9PD6V7ZOEUR
8,2023-07-22,0,EMRWA9PD6V7ZOEUR
9,2023-09-05,1,EMRWA9PD6V7ZOEUR
10,2023-10-14,0,EMRWA9PD6V7ZOEUR
11,2023-10-18,1,EMRWA9PD6V7ZOEUR
12,2023-11-02,1,EMRWA9PD6V7ZOEUR
13,2024-02-16,1,EMRWA9PD6V7ZOEUR
14,2024-02-17,1,EMRWA9PD6V7ZOEUR
15,2024-04-27,1,EMRWA9PD6V7ZOEUR
16,2024-05-14,1,EMRWA9PD6V7ZOEUR
0,2025-06-18,1,2MV5UYIERNPC1WQV
0,2024-09-14,1,GUC1S419X4EO2TP9
1,2025-01-09,0,GUC1S419X4EO2TP9
2,2025-04-13,1,GUC1S419X4EO2TP9
3,2025-05-17,1,GUC1S419X4EO2TP9
0,2025-01-22,1,CXA3Y7L0WWBPUS9E
1,2025-03-10,1,CXA3Y7L0WWBPUS9E
2,2025-03-30,1,CXA3Y7L0WWBPUS9E
3,2025-04-09,0,CXA3Y7L0WWBPUS9E
4,2025-05-23,0,CXA3Y7L0WWBPUS9E
5,2025-06-16,1,CXA3Y7L0WWBPUS9E
6,2025-06-21,1,CXA3Y7L0WWBPUS9E
0,2023-12-10,1,24I5EF5UBKNTV3LU
1,2024-04-09,0,24I5EF5UBKNTV3LU
2,2024-04-18,1,24I5EF5UBKNTV3LU
3,2024-04-20,1,24I5EF5UBKNTV3LU
4,2024-05-10,1,24I5EF5UBKNTV3LU
5,2024-07-09,1,24I5EF5UBKNTV3LU
6,2024-08-07,1,24I5EF5UBKNTV3LU
7,2024-10-07,1,24I5EF5UBKNTV3LU
8,2024-11-01,1,24I5EF5UBKNTV3LU
9,2024-11-14,1,24I5EF5UBKNTV3LU
10,2025-03-24,1,24I5EF5UBKNTV3LU
11,2025-06-13,1,24I5EF5UBKNTV3LU
0,2023-02-13,0,PY4YJVG78CTSH0YZ
1,2023-05-18,1,PY4YJVG78CTSH0YZ
2,2023-06-09,1,PY4YJVG78CTSH0YZ
3,2023-11-12,0,PY4YJVG78CTSH0YZ
4,2023-12-10,1,PY4YJVG78CTSH0YZ
0,2023-08-20,1,GF5XE9XU53R4PODT
1,2023-09-12,1,GF5XE9XU53R4PODT
2,2023-10-11,1,GF5XE9XU53R4PODT
3,2023-11-09,1,GF5XE9XU53R4PODT
4,2023-12-15,1,GF5XE9XU53R4PODT
5,2023-12-31,1,GF5XE9XU53R4PODT
6,2024-02-04,1,GF5XE9XU53R4PODT
7,2024-02-09,1,GF5XE9XU53R4PODT
8,2024-02-13,0,GF5XE9XU53R4PODT
9,2024-03-11,1,GF5XE9XU53R4PODT
10,2024-04-04,1,GF5XE9XU53R4PODT
11,2024-06-09,1,GF5XE9XU53R4PODT
12,2024-09-24,1,GF5XE9XU53R4PODT
0,2024-07-21,1,S1231NLVZW5PU8FE
1,2024-08-01,0,S1231NLVZW5PU8FE
2,2024-08-24,0,S1231NLVZW5PU8FE
3,2024-10-10,1,S1231NLVZW5PU8FE
4,2024-11-26,0,S1231NLVZW5PU8FE
5,2024-12-29,1,S1231NLVZW5PU8FE
6,2025-02-22,1,S1231NLVZW5PU8FE
0,2023-08-30,1,VTQMRTMOXUGJDUVO
1,2023-09-18,1,VTQMRTMOXUGJDUVO
2,2023-10-30,1,VTQMRTMOXUGJDUVO
3,2023-12-05,1,VTQMRTMOXUGJDUVO
4,2024-02-02,1,VTQMRTMOXUGJDUVO
0,2023-12-15,1,VX8QTDNC88JEYZH0
1,2023-12-25,1,VX8QTDNC88JEYZH0
2,2024-02-11,1,VX8QTDNC88JEYZH0
3,2024-02-26,0,VX8QTDNC88JEYZH0
4,2024-03-30,1,VX8QTDNC88JEYZH0
5,2024-04-24,0,VX8QTDNC88JEYZH0
0,2023-11-12,1,STP4E30UAK8TVKWU
1,2023-11-16,0,STP4E30UAK8TVKWU
2,2023-11-25,1,STP4E30UAK8TVKWU
0,2022-04-17,1,G1O7BGJ2601D9CTS
1,2022-11-16,1,G1O7BGJ2601D9CTS
2,2022-12-15,1,G1O7BGJ2601D9CTS
3,2023-01-02,1,G1O7BGJ2601D9CTS
0,2023-09-15,0,PFP4GJ04QKSTV92U
1,2023-09-29,1,PFP4GJ04QKSTV92U
2,2024-05-05,1,PFP4GJ04QKSTV92U
3,2024-06-22,1,PFP4GJ04QKSTV92U
0,2023-08-03,1,2YM0U6YESNKC1L5V
1,2024-02-11,1,2YM0U6YESNKC1L5V
2,2024-03-17,1,2YM0U6YESNKC1L5V
3,2024-05-21,1,2YM0U6YESNKC1L5V
4,2024-05-28,0,2YM0U6YESNKC1L5V
5,2025-06-03,1,2YM0U6YESNKC1L5V
6,2025-07-02,1,2YM0U6YESNKC1L5V
0,2022-08-08,0,C4UOMUDJXTC9Z40J
1,2022-09-26,1,C4UOMUDJXTC9Z40J
0,2024-06-09,1,GXREZSUVLLA0TROC
0,2022-12-29,1,2UK45K0UHKITVF6U
1,2023-03-28,1,2UK45K0UHKITVF6U
2,2023-09-02,1,2UK45K0UHKITVF6U
3,2023-09-11,0,2UK45K0UHKITVF6U
0,2022-03-27,0,VMP2GPBR8E47AV1D
1,2022-04-27,1,VMP2GPBR8E47AV1D
2,2022-05-08,1,VMP2GPBR8E47AV1D
3,2022-06-24,1,VMP2GPBR8E47AV1D
0,2022-05-20,1,SMBA6I4VDWXPUNKE
1,2022-07-13,1,SMBA6I4VDWXPUNKE
0,2024-03-05,1,0UI514Z9X4EO2TP9
1,2024-04-08,1,0UI514Z9X4EO2TP9
2,2024-06-20,1,0UI514Z9X4EO2TP9
3,2024-06-23,1,0UI514Z9X4EO2TP9
4,2024-06-25,1,0UI514Z9X4EO2TP9
5,2024-08-08,0,0UI514Z9X4EO2TP9
6,2024-12-14,1,0UI514Z9X4EO2TP9
0,2025-03-15,0,PXFORZYGNN9C12BV
1,2025-03-23,0,PXFORZYGNN9C12BV
2,2025-05-08,0,PXFORZYGNN9C12BV
3,2025-05-20,1,PXFORZYGNN9C12BV
0,2024-01-05,1,S4YAQF0UBKNTV3LU
1,2024-02-22,1,S4YAQF0UBKNTV3LU
2,2024-02-24,1,S4YAQF0UBKNTV3LU
3,2024-04-13,1,S4YAQF0UBKNTV3LU
4,2024-04-19,0,S4YAQF0UBKNTV3LU
5,2024-07-25,0,S4YAQF0UBKNTV3LU
6,2024-07-30,1,S4YAQF0UBKNTV3LU
7,2024-08-03,1,S4YAQF0UBKNTV3LU
8,2024-08-24,1,S4YAQF0UBKNTV3LU
9,2024-09-28,1,S4YAQF0UBKNTV3LU
0,2024-08-23,1,CYDQPEOZ6PM2JG47
1,2024-10-29,1,CYDQPEOZ6PM2JG47
2,2024-12-10,1,CYDQPEOZ6PM2JG47
3,2025-01-29,1,CYDQPEOZ6PM2JG47
4,2025-06-11,1,CYDQPEOZ6PM2JG47
0,2023-01-08,1,0FMHH9VU53R4PODT
1,2023-03-31,1,0FMHH9VU53R4PODT
0,2023-07-31,1,21GOIWYE7N3C16XV
1,2023-08-04,1,21GOIWYE7N3C16XV
2,2023-09-04,1,21GOIWYE7N3C16XV
3,2023-10-27,1,21GOIWYE7N3C16XV
0,2024-10-25,1,ET0XYT2OXUGJDUVO
1,2025-06-05,1,ET0XYT2OXUGJDUVO
2,2025-06-08,0,ET0XYT2OXUGJDUVO
0,2025-04-29,1,EXOB2QTP66HV47JG
1,2025-07-07,1,EXOB2QTP66HV47JG
0,2023-06-13,1,2T6KXH0UAK8TVKWU
1,2024-01-31,1,2T6KXH0UAK8TVKWU
2,2024-02-10,1,2T6KXH0UAK8TVKWU
3,2024-02-11,0,2T6KXH0UAK8TVKWU
4,2024-03-29,1,2T6KXH0UAK8TVKWU
5,2024-07-22,1,2T6KXH0UAK8TVKWU
6,2024-08-20,1,2T6KXH0UAK8TVKWU
7,2024-09-07,1,2T6KXH0UAK8TVKWU
8,2024-10-19,0,2T6KXH0UAK8TVKWU
9,2025-01-01,1,2T6KXH0UAK8TVKWU
10,2025-03-07,1,2T6KXH0UAK8TVKWU
0,2024-03-02,1,011GEKHM8GURBPM2
0,2023-10-05,1,CF3KW50AQKSTV92U
1,2024-03-02,1,CF3KW50AQKSTV92U
2,2024-03-26,1,CF3KW50AQKSTV92U
3,2024-08-09,1,CF3KW50AQKSTV92U
4,2024-08-19,0,CF3KW50AQKSTV92U
5,2024-11-19,0,CF3KW50AQKSTV92U
6,2024-11-20,0,CF3KW50AQKSTV92U
7,2024-12-06,1,CF3KW50AQKSTV92U
0,2025-06-29,1,SYSWJA432WQPUI3E
0,2025-07-18,1,0X6I5F1HIIOGMDAP
0,2022-03-12,1,SUEKDB0XHKITVF6U
0,2022-12-11,1,EMAV3Q9U6VYZOEUR
0,2023-03-03,1,VFCF6QPBXF7U0JZ4
1,2023-03-15,1,VFCF6QPBXF7U0JZ4
2,2023-05-26,1,VFCF6QPBXF7U0JZ4
3,2023-07-21,1,VFCF6QPBXF7U0JZ4
4,2023-07-25,1,VFCF6QPBXF7U0JZ4
5,2023-08-01,0,VFCF6QPBXF7U0JZ4
6,2023-12-10,1,VFCF6QPBXF7U0JZ4
7,2024-01-03,0,VFCF6QPBXF7U0JZ4
8,2024-07-12,1,VFCF6QPBXF7U0JZ4
9,2024-08-06,1,VFCF6QPBXF7U0JZ4
10,2024-08-08,1,VFCF6QPBXF7U0JZ4
11,2024-11-09,1,VFCF6QPBXF7U0JZ4
0,2023-07-29,1,GUMALQZMXAEO2TP9
1,2023-08-01,1,GUMALQZMXAEO2TP9
2,2023-12-12,1,GUMALQZMXAEO2TP9
3,2023-12-26,1,GUMALQZMXAEO2TP9
4,2024-01-09,1,GUMALQZMXAEO2TP9
5,2024-01-23,1,GUMALQZMXAEO2TP9
6,2024-02-27,1,GUMALQZMXAEO2TP9
7,2024-03-13,1,GUMALQZMXAEO2TP9
0,2023-11-14,1,CXDTK54OWTBPUS9E
1,2024-02-09,1,CXDTK54OWTBPUS9E
2,2024-03-30,1,CXDTK54OWTBPUS9E
3,2024-05-20,1,CXDTK54OWTBPUS9E
4,2024-07-12,1,CXDTK54OWTBPUS9E
5,2024-07-21,1,CXDTK54OWTBPUS9E
6,2024-08-10,1,CXDTK54OWTBPUS9E
7,2024-09-10,1,CXDTK54OWTBPUS9E
0,2023-01-02,0,245MZA05BMNTV3LU
1,2023-03-26,1,245MZA05BMNTV3LU
2,2023-04-02,0,245MZA05BMNTV3LU
3,2023-06-28,1,245MZA05BMNTV3LU
4,2024-01-31,1,245MZA05BMNTV3LU
5,2024-03-06,1,245MZA05BMNTV3LU
6,2024-10-26,1,245MZA05BMNTV3LU
7,2024-11-01,0,245MZA05BMNTV3LU
8,2025-01-25,0,245MZA05BMNTV3LU
9,2025-01-27,0,245MZA05BMNTV3LU
0,2024-02-24,1,PYGB5KAY8BTSH0YZ
1,2024-02-28,1,PYGB5KAY8BTSH0YZ
2,2024-03-06,1,PYGB5KAY8BTSH0YZ
3,2024-07-22,1,PYGB5KAY8BTSH0YZ
4,2024-08-28,1,PYGB5KAY8BTSH0YZ
0,2025-05-19,1,GFLYLXVH5YR4PODT
1,2025-06-05,1,GFLYLXVH5YR4PODT
2,2025-07-23,1,GFLYLXVH5YR4PODT
0,2024-03-14,1,S19TOB4FZT5PU8FE
1,2024-05-18,0,S19TOB4FZT5PU8FE
2,2024-06-03,1,S19TOB4FZT5PU8FE
3,2024-06-28,1,S19TOB4FZT5PU8FE
4,2024-07-23,1,S19TOB4FZT5PU8FE
5,2024-08-03,1,S19TOB4FZT5PU8FE
6,2024-09-28,1,S19TOB4FZT5PU8FE
7,2024-10-08,0,S19TOB4FZT5PU8FE
8,2025-04-01,1,S19TOB4FZT5PU8FE
9,2025-07-25,1,S19TOB4FZT5PU8FE
0,2024-02-27,1,VTWHLQ21XHGJDUVO
1,2024-02-28,1,VTWHLQ21XHGJDUVO
2,2024-06-09,0,VTWHLQ21XHGJDUVO
3,2024-07-31,1,VTWHLQ21XHGJDUVO
4,2024-10-25,1,VTWHLQ21XHGJDUVO
5,2025-02-25,1,VTWHLQ21XHGJDUVO
6,2025-03-23,1,VTWHLQ21XHGJDUVO
0,2023-12-03,1,VXX1XKMB81JEYZH0
1,2024-01-01,0,VXX1XKMB81JEYZH0
2,2024-04-11,1,VXX1XKMB81JEYZH0
0,2022-04-22,1,STT9THOQPM8TJKWU
1,2022-05-07,0,STT9THOQPM8TJKWU
0,2023-09-05,1,G1RNRQITOO1D8CTS
1,2023-11-04,1,G1RNRQITOO1D8CTS
2,2023-11-27,0,G1RNRQITOO1D8CTS
3,2024-01-04,0,G1RNRQITOO1D8CTS
4,2024-03-01,1,G1RNRQITOO1D8CTS
5,2024-10-24,1,G1RNRQITOO1D8CTS
0,2022-11-05,1,PFT9T5OAPMSTJ92U
0,2022-03-31,0,2YP2POD5MMKCZL5V
1,2022-05-12,1,2YP2POD5MMKCZL5V
2,2022-06-01,1,2YP2POD5MMKCZL5V
0,2024-06-22,1,C4EF9QKY2BC9340J
1,2024-11-22,1,C4EF9QKY2BC9340J
2,2024-12-05,1,C4EF9QKY2BC9340J
3,2025-03-29,1,C4EF9QKY2BC9340J
4,2025-05-01,0,C4EF9QKY2BC9340J
5,2025-05-09,1,C4EF9QKY2BC9340J
6,2025-06-11,1,C4EF9QKY2BC9340J
0,2023-08-25,1,GXARGX7J44A0SROC
1,2023-09-13,1,GXARGX7J44A0SROC
2,2023-09-27,1,GXARGX7J44A0SROC
3,2023-10-28,1,GXARGX7J44A0SROC
4,2024-03-11,0,GXARGX7J44A0SROC
5,2024-03-17,1,GXARGX7J44A0SROC
0,2024-10-12,1,2UN9TUOXPMITJF6U
1,2024-11-06,0,2UN9TUOXPMITJF6U
2,2024-11-20,1,2UN9TUOXPMITJF6U
3,2024-12-26,1,2UN9TUOXPMITJF6U
4,2025-01-25,1,2UN9TUOXPMITJF6U
5,2025-01-29,0,2UN9TUOXPMITJF6U
6,2025-03-27,1,2UN9TUOXPMITJF6U
7,2025-04-25,1,2UN9TUOXPMITJF6U
0,2023-08-20,1,VMTLZR61HH47WV1D
1,2023-09-15,1,VMTLZR61HH47WV1D
2,2023-10-07,1,VMTLZR61HH47WV1D
3,2023-12-16,1,VMTLZR61HH47WV1D
4,2024-05-06,1,VMTLZR61HH47WV1D
0,2023-08-11,1,EF5JUT9BV17UOJZ4
1,2023-12-23,1,EF5JUT9BV17UOJZ4
2,2024-04-13,1,EF5JUT9BV17UOJZ4
3,2024-05-13,1,EF5JUT9BV17UOJZ4
4,2024-08-17,1,EF5JUT9BV17UOJZ4
0,2025-06-26,1,SM2XCVRKTTXP7NKE
0,2022-07-21,1,0U5MO93MDAEOFTP9
1,2022-07-22,1,0U5MO93MDAEOFTP9
2,2022-10-08,1,0U5MO93MDAEOFTP9
0,2025-03-07,1,S40XTUO5PMNTJ3LU
1,2025-03-09,1,S40XTUO5PMNTJ3LU
2,2025-06-20,1,S40XTUO5PMNTJ3LU
0,2024-08-20,1,0FPQ4UJH0YR49ODT
1,2024-10-11,1,0FPQ4UJH0YR49ODT
2,2024-10-27,1,0FPQ4UJH0YR49ODT
3,2024-11-11,1,0FPQ4UJH0YR49ODT
4,2024-12-24,1,0FPQ4UJH0YR49ODT
0,2023-08-10,0,ET4YEOF1ZHGJKUVO
1,2023-09-03,1,ET4YEOF1ZHGJKUVO
0,2022-12-18,1,EXR5HPS9UUHVR7JG
1,2023-04-07,1,EXR5HPS9UUHVR7JG
0,2024-01-11,0,2TFUNUOQPM8TJKWU
1,2024-01-26,1,2TFUNUOQPM8TJKWU
2,2024-04-15,1,2TFUNUOQPM8TJKWU
3,2024-05-17,1,2TFUNUOQPM8TJKWU
4,2024-05-26,1,2TFUNUOQPM8TJKWU
5,2024-06-08,1,2TFUNUOQPM8TJKWU
6,2024-08-26,0,2TFUNUOQPM8TJKWU
7,2024-10-29,1,2TFUNUOQPM8TJKWU
8,2024-12-19,1,2TFUNUOQPM8TJKWU
9,2025-01-19,1,2TFUNUOQPM8TJKWU
0,2024-12-15,1,CFIUS4OAPMSTJ92U
1,2025-01-10,1,CFIUS4OAPMSTJ92U
2,2025-06-08,0,CFIUS4OAPMSTJ92U
0,2024-01-28,1,SYBV5VR3TTQP7I3E
1,2024-02-02,1,SYBV5VR3TTQP7I3E
2,2024-02-20,1,SYBV5VR3TTQP7I3E
3,2024-04-18,1,SYBV5VR3TTQP7I3E
4,2024-04-21,1,SYBV5VR3TTQP7I3E
0,2022-11-06,1,P48JGJKY2BC9340J
1,2022-11-16,1,P48JGJKY2BC9340J
2,2022-12-08,0,P48JGJKY2BC9340J
3,2023-02-26,1,P48JGJKY2BC9340J
0,2024-08-10,1,0XFCOEZHYYOG2DAP
1,2024-09-30,1,0XFCOEZHYYOG2DAP
2,2024-12-16,1,0XFCOEZHYYOG2DAP
3,2025-02-15,1,0XFCOEZHYYOG2DAP
4,2025-03-14,1,0XFCOEZHYYOG2DAP
0,2022-04-02,1,SU1U8UOXPMITJF6U
1,2022-05-26,1,SU1U8UOXPMITJF6U
2,2022-10-06,0,SU1U8UOXPMITJF6U
3,2023-01-30,0,SU1U8UOXPMITJF6U
4,2023-06-22,1,SU1U8UOXPMITJF6U
5,2023-09-06,1,SU1U8UOXPMITJF6U
6,2023-09-29,1,SU1U8UOXPMITJF6U
7,2023-11-11,1,SU1U8UOXPMITJF6U
8,2024-03-02,1,SU1U8UOXPMITJF6U
9,2024-04-20,0,SU1U8UOXPMITJF6U
10,2024-07-02,1,SU1U8UOXPMITJF6U
11,2024-09-06,1,SU1U8UOXPMITJF6U
0,2022-06-01,1,EMDD1D8UJJYZNEUR
1,2022-06-03,1,EMDD1D8UJJYZNEUR
2,2022-10-09,1,EMDD1D8UJJYZNEUR
3,2022-10-18,1,EMDD1D8UJJYZNEUR
0,2022-05-30,1,VFM47T9BV17UOJZ4
1,2022-06-01,1,VFM47T9BV17UOJZ4
2,2022-06-28,1,VFM47T9BV17UOJZ4
3,2022-07-04,1,VFM47T9BV17UOJZ4
4,2022-08-28,0,VFM47T9BV17UOJZ4
5,2022-09-03,1,VFM47T9BV17UOJZ4
6,2022-09-19,1,VFM47T9BV17UOJZ4
7,2022-11-13,1,VFM47T9BV17UOJZ4
8,2022-12-12,1,VFM47T9BV17UOJZ4
9,2022-12-29,1,VFM47T9BV17UOJZ4
10,2023-03-23,1,VFM47T9BV17UOJZ4
11,2023-04-24,1,VFM47T9BV17UOJZ4
12,2023-07-25,1,VFM47T9BV17UOJZ4
13,2023-07-26,1,VFM47T9BV17UOJZ4
14,2023-08-03,1,VFM47T9BV17UOJZ4
15,2023-08-07,1,VFM47T9BV17UOJZ4
16,2023-08-18,1,VFM47T9BV17UOJZ4
17,2023-11-10,1,VFM47T9BV17UOJZ4
18,2024-01-23,1,VFM47T9BV17UOJZ4
19,2024-01-24,1,VFM47T9BV17UOJZ4
0,2024-04-01,1,2MEHKEDQMMFCZWQV
1,2024-04-26,1,2MEHKEDQMMFCZWQV
2,2024-05-04,1,2MEHKEDQMMFCZWQV
3,2024-05-12,1,2MEHKEDQMMFCZWQV
4,2024-09-06,1,2MEHKEDQMMFCZWQV
5,2024-09-09,1,2MEHKEDQMMFCZWQV
0,2023-10-08,1,GUPXC93MDAEOFTP9
1,2023-11-12,1,GUPXC93MDAEOFTP9
2,2024-03-07,1,GUPXC93MDAEOFTP9
3,2024-03-15,1,GUPXC93MDAEOFTP9
4,2024-06-07,1,GUPXC93MDAEOFTP9
5,2024-09-10,1,GUPXC93MDAEOFTP9
0,2022-12-27,1,CXOJB0ROTTBP7S9E
1,2023-02-22,1,CXOJB0ROTTBP7S9E
2,2023-07-01,1,CXOJB0ROTTBP7S9E
0,2022-06-25,1,24LHIUO5PMNTJ3LU
1,2022-07-02,1,24LHIUO5PMNTJ3LU
2,2022-07-03,1,24LHIUO5PMNTJ3LU
3,2022-09-06,1,24LHIUO5PMNTJ3LU
4,2022-10-09,1,24LHIUO5PMNTJ3LU
5,2022-10-10,1,24LHIUO5PMNTJ3LU
6,2022-12-10,1,24LHIUO5PMNTJ3LU
7,2023-01-20,1,24LHIUO5PMNTJ3LU
0,2024-01-10,1,PYY54MWYBBTSL0YZ
1,2024-04-04,1,PYY54MWYBBTSL0YZ
2,2024-04-30,1,PYY54MWYBBTSL0YZ
3,2024-06-07,1,PYY54MWYBBTSL0YZ
0,2023-07-03,0,GF3BQHJ30YR49OKT
1,2023-08-30,1,GF3BQHJ30YR49OKT
2,2023-09-19,1,GF3BQHJ30YR49OKT
3,2024-02-23,1,GF3BQHJ30YR49OKT
4,2024-03-02,1,GF3BQHJ30YR49OKT
5,2024-04-09,1,GF3BQHJ30YR49OKT
6,2024-04-30,1,GF3BQHJ30YR49OKT
7,2024-08-21,1,GF3BQHJ30YR49OKT
8,2024-08-29,0,GF3BQHJ30YR49OKT
0,2025-07-03,1,S1SJZ3RSTT5P787E
0,2022-04-26,1,VTKQXYFKZHGJKUFO
1,2022-06-20,1,VTKQXYFKZHGJKUFO
2,2022-09-26,1,VTKQXYFKZHGJKUFO
3,2022-10-15,1,VTKQXYFKZHGJKUFO
4,2022-12-24,1,VTKQXYFKZHGJKUFO
5,2022-12-25,1,VTKQXYFKZHGJKUFO
6,2023-01-12,1,VTKQXYFKZHGJKUFO
7,2023-02-03,1,VTKQXYFKZHGJKUFO
8,2023-04-09,0,VTKQXYFKZHGJKUFO
9,2023-04-16,1,VTKQXYFKZHGJKUFO
10,2023-05-31,1,VTKQXYFKZHGJKUFO
11,2023-07-25,1,VTKQXYFKZHGJKUFO
12,2023-08-07,1,VTKQXYFKZHGJKUFO
13,2023-10-21,1,VTKQXYFKZHGJKUFO
14,2023-12-28,1,VTKQXYFKZHGJKUFO
15,2024-02-24,1,VTKQXYFKZHGJKUFO
0,2022-08-08,1,VX6AIB2611JEDZL0
1,2022-09-20,1,VX6AIB2611JEDZL0
2,2022-11-06,0,VX6AIB2611JEDZL0
3,2022-11-18,1,VX6AIB2611JEDZL0
4,2022-11-23,1,VX6AIB2611JEDZL0
5,2023-01-07,1,VX6AIB2611JEDZL0
6,2023-01-22,1,VX6AIB2611JEDZL0
7,2023-02-25,1,VX6AIB2611JEDZL0
8,2023-05-01,1,VX6AIB2611JEDZL0
9,2023-05-07,1,VX6AIB2611JEDZL0
10,2023-06-04,0,VX6AIB2611JEDZL0
0,2022-12-05,1,STC3AXNJPM8TJKOU
1,2022-12-10,1,STC3AXNJPM8TJKOU
2,2023-01-07,1,STC3AXNJPM8TJKOU
3,2023-02-13,1,STC3AXNJPM8TJKOU
4,2023-05-09,1,STC3AXNJPM8TJKOU
5,2023-11-21,1,STC3AXNJPM8TJKOU
6,2023-12-14,1,STC3AXNJPM8TJKOU
0,2024-01-23,1,PFC3XANKPMSTJ9FU
1,2024-03-17,0,PFC3XANKPMSTJ9FU
2,2024-08-10,1,PFC3XANKPMSTJ9FU
3,2024-08-27,1,PFC3XANKPMSTJ9FU
4,2024-11-07,1,PFC3XANKPMSTJ9FU
5,2024-11-28,1,PFC3XANKPMSTJ9FU
6,2025-03-27,1,PFC3XANKPMSTJ9FU
0,2024-11-23,1,C414XMCK2BC934FJ
1,2024-11-27,1,C414XMCK2BC934FJ
0,2024-06-09,1,GXD8WJ5I44A0SQNC
1,2024-12-11,1,GXD8WJ5I44A0SQNC
2,2025-01-12,1,GXD8WJ5I44A0SQNC
3,2025-01-28,1,GXD8WJ5I44A0SQNC
4,2025-03-18,1,GXD8WJ5I44A0SQNC
5,2025-05-06,1,GXD8WJ5I44A0SQNC
6,2025-05-12,1,GXD8WJ5I44A0SQNC
7,2025-06-16,1,GXD8WJ5I44A0SQNC
8,2025-06-28,1,GXD8WJ5I44A0SQNC
0,2024-10-29,1,2UQ3H5N9PMITJHJU
1,2024-12-08,1,2UQ3H5N9PMITJHJU
2,2024-12-20,1,2UQ3H5N9PMITJHJU
3,2025-02-18,1,2UQ3H5N9PMITJHJU
0,2023-05-14,1,VMCP8YUWHH47WF6D
1,2023-05-15,0,VMCP8YUWHH47WF6D
2,2023-05-27,1,VMCP8YUWHH47WF6D
3,2023-07-04,1,VMCP8YUWHH47WF6D
4,2023-09-22,1,VMCP8YUWHH47WF6D
5,2023-11-02,1,VMCP8YUWHH47WF6D
6,2024-08-04,0,VMCP8YUWHH47WF6D
7,2024-08-28,1,VMCP8YUWHH47WF6D
0,2023-03-12,1,EFLK5B8FV17UO534
1,2023-04-23,1,EFLK5B8FV17UO534
0,2022-02-21,1,SM9YDFQ7TTXP7ARE
1,2022-03-02,1,SM9YDFQ7TTXP7ARE
2,2022-04-30,0,SM9YDFQ7TTXP7ARE
3,2022-07-11,1,SM9YDFQ7TTXP7ARE
4,2022-07-18,1,SM9YDFQ7TTXP7ARE
5,2022-08-17,1,SM9YDFQ7TTXP7ARE
6,2022-11-05,0,SM9YDFQ7TTXP7ARE
7,2023-01-14,1,SM9YDFQ7TTXP7ARE
8,2023-01-20,1,SM9YDFQ7TTXP7ARE
9,2023-01-24,0,SM9YDFQ7TTXP7ARE
10,2023-01-30,1,SM9YDFQ7TTXP7ARE
11,2023-02-21,1,SM9YDFQ7TTXP7ARE
0,2023-03-07,1,0ULHX1GKDAEOFXF9
1,2023-03-28,1,0ULHX1GKDAEOFXF9
0,2024-05-29,1,PXX48AKWMM9CZF6V
1,2024-09-30,1,PXX48AKWMM9CZF6V
2,2025-01-28,1,PXX48AKWMM9CZF6V
3,2025-04-01,1,PXX48AKWMM9CZF6V
0,2024-11-28,1,S44Y0QNOPMNTJB9U
1,2025-01-09,1,S44Y0QNOPMNTJB9U
2,2025-05-01,1,S44Y0QNOPMNTJB9U
0,2024-12-02,1,CYRAOTMN99M2IX87
1,2025-01-16,1,CYRAOTMN99M2IX87
2,2025-02-07,1,CYRAOTMN99M2IX87
0,2022-08-27,1,0FT1PHI30YR49QKT
1,2023-03-25,1,0FT1PHI30YR49QKT
2,2023-06-27,1,0FT1PHI30YR49QKT
3,2023-10-03,1,0FT1PHI30YR49QKT
4,2024-01-14,1,0FT1PHI30YR49QKT
5,2024-03-13,1,0FT1PHI30YR49QKT
6,2024-04-13,1,0FT1PHI30YR49QKT
0,2022-06-23,1,2104Y5K2MM3CZJZV
1,2022-09-02,1,2104Y5K2MM3CZJZV
2,2022-12-17,0,2104Y5K2MM3CZJZV
3,2023-03-11,0,2104Y5K2MM3CZJZV
0,2024-12-29,1,ETGB2YEKZHGJKXFO
1,2025-06-19,0,ETGB2YEKZHGJKXFO
2,2025-07-26,1,ETGB2YEKZHGJKXFO
0,2025-05-13,1,EXAM49X8UUHVR5IG
0,2023-03-06,1,2T8O0XNJPM8TJAOU
1,2023-04-22,1,2T8O0XNJPM8TJAOU
2,2023-07-25,1,2T8O0XNJPM8TJAOU
3,2023-09-23,0,2T8O0XNJPM8TJAOU
4,2023-10-21,1,2T8O0XNJPM8TJAOU
5,2023-11-11,1,2T8O0XNJPM8TJAOU
6,2023-12-10,1,2T8O0XNJPM8TJAOU
7,2023-12-13,1,2T8O0XNJPM8TJAOU
